index,country,year,"Birth rate, crude (per 1,000 people)",doing business score,government  consumption exp (% of GDP),Population living in slums (% of urban population),Unemployment intermediate education
0,Afghanistan,2015,38.803,39.25519,0,0,0
1,Afghanistan,2016,37.936,38.93563,0,72.12863,0
2,Afghanistan,2017,37.342,37.13062,0,72.12863,16.155
3,Afghanistan,2018,36.927,44.20343,0,73.3,16.155
4,Afghanistan,2019,36.466,44.06497,0,73.3,16.155
5,Afghanistan,2020,36.051,44.06497,22.10921936,73.3,12.569
6,Afghanistan,2021,35.842,44.06497,21.26238439,73.3,8.879
7,Afghanistan,2022,35.143,44.06497,21.84549192,73.3,8.879
8,Afghanistan,2023,35.143,44.06497,21.19021143,73.3,8.879
9,Albania,2015,11.718,58.07559,11.11063531,0,20.502
10,Albania,2016,11.289,64.16093,11.26931522,7.8,17.652
11,Albania,2017,10.87,66.8377,11.49839762,7.8,15.294
12,Albania,2018,10.517,66.99561,11.86661288,5.3,14.232
13,Albania,2019,10.343,67.74847,12.67599655,5.3,14.259
14,Albania,2020,10.285,67.74847,13.66733046,2.8,13.559
15,Albania,2021,10.24,67.74847,12.83522445,2.8,13.279
16,Albania,2022,10.116,67.74847,12.04117257,2.8,12.355
17,Albania,2023,10.116,67.74847,12.04646979,2.8,12.824
18,Algeria,2015,25.405,44.2486,20.52446564,0,0
19,Algeria,2016,25.166,46.10981,20.02184261,21.07581,0
20,Algeria,2017,24.755,46.22686,18.8290422,21.07581,11.26
21,Algeria,2018,24.074,48.49803,17.40371176,17.17042,11.26
22,Algeria,2019,23.298,48.59758,18.26102608,17.17042,11.26
23,Algeria,2020,22.431,48.59758,19.80315972,13.26502,11.26
24,Algeria,2021,21.524,48.59758,18.42862894,13.26502,11.26
25,Algeria,2022,20.572,48.59758,16.53590891,13.26502,11.26
26,Algeria,2023,20.572,48.59758,17.92794658,13.26502,11.26
27,American Samoa,2015,0,0,0,0,0
28,American Samoa,2016,0,0,0,0,0
29,American Samoa,2018,16.6,0,0,0,0
30,American Samoa,2019,16.6,0,0,0,0
31,American Samoa,2020,12.7,0,0,0,0
32,American Samoa,2021,12.7,0,0,0,0
33,American Samoa,2023,13.8,0,0,0,0
34,Andorra,2015,0,0,0,0,0
35,Andorra,2018,7.2,0,0,0,0
36,Andorra,2019,7,0,0,0,0
37,Andorra,2021,7,0,0,0,0
38,Andorra,2023,6.2,0,0,0,0
39,Angola,2015,42.02,37.57368,16.43283283,0,0
40,Angola,2016,41.377,37.65132,13.88068508,56.44953,0
41,Angola,2017,40.81,39.00774,12.93581932,56.44953,0
42,Angola,2018,40.236,41.20205,10.47454356,62.58105,0
43,Angola,2019,39.725,41.28838,8.598856284,62.58105,30.351
44,Angola,2020,39.271,41.28838,8.64793565,62.6,30.351
45,Angola,2021,38.809,41.28838,7.683454676,62.6,29.437
46,Angola,2022,38.2,41.28838,8.096265874,62.6,29.437
47,Angola,2023,38.2,41.28838,5.174861952,62.6,29.437
48,Antigua and Barbuda,2015,12.591,59.23927,0,0,0
49,Antigua and Barbuda,2016,11.659,58.80632,0,0,0
50,Antigua and Barbuda,2017,11.789,59.79669,0,0,0
51,Antigua and Barbuda,2018,10.816,59.85514,0,0,10.278
52,Antigua and Barbuda,2019,11.485,60.28342,0,0,10.278
53,Antigua and Barbuda,2020,12.16,60.28342,0,0,10.278
54,Antigua and Barbuda,2021,12.115,60.28342,0,0,10.278
55,Antigua and Barbuda,2022,11.984,60.28342,0,0,10.278
56,Antigua and Barbuda,2023,11.984,60.28342,0,0,10.278
57,Argentina,2015,17.346,56.73295,18.09837976,0,0
58,Argentina,2016,16.824,57.2443,17.65457819,0,0
59,Argentina,2017,16.206,57.31005,17.69689392,0,9.129
60,Argentina,2018,15.187,58.18388,15.80509716,0,10.691
61,Argentina,2019,14.783,58.96151,16.44324159,0,11.232
62,Argentina,2020,14.125,58.96151,16.87300738,0,12.566
63,Argentina,2021,13.902,58.96151,15.91581794,0,10.645
64,Argentina,2022,13.794,58.96151,15.83565718,0,8.295
65,Argentina,2023,13.794,58.96151,16.387469,0,7.421
66,Armenia,2015,14.641,69.1418,13.11159781,0,18.835
67,Armenia,2016,14.504,70.63154,13.45415852,8.88375,18.226
68,Armenia,2017,13.606,71.49433,12.31855199,8.88375,17.683
69,Armenia,2018,13.307,73.19187,11.48669032,8.39472,10.008
70,Armenia,2019,12.892,74.49401,12.5645601,8.39472,9.936
71,Armenia,2020,12.455,74.49401,14.96861824,8.39472,9.026
72,Armenia,2021,12.049,74.49401,13.64985026,8.39472,9.761
73,Armenia,2022,11.7,74.49401,11.67648189,8.39472,9.761
74,Armenia,2023,11.7,74.49401,14.14657932,8.39472,9.761
75,Australia,2015,12.9,80.38389,19.18887551,0,6.15
76,Australia,2016,12.9,80.22369,19.97359332,0,5.91
77,Australia,2017,12.6,80.76007,19.94828337,0,5.47
78,Australia,2018,12.6,80.70552,20.01682912,0,5.586
79,Australia,2019,12.1,81.21506,20.37134132,0,5.367
80,Australia,2020,11.5,81.21506,21.89469148,0,7.024
81,Australia,2021,12.1,81.21506,22.42271872,0,5.328
82,Australia,2022,11.6,81.21506,22.07842755,0,3.977
83,Australia,2023,11.6,81.21506,21.31385508,0,3.67
84,Austria,2015,9.8,78.81665,19.88795485,0,5.508
85,Austria,2016,10,78.85646,19.75841914,0,5.822
86,Austria,2017,10,78.70694,19.59894064,0,5.105
87,Austria,2018,9.7,78.73995,19.4423168,0,4.311
88,Austria,2019,9.6,78.74549,19.53132113,0,3.997
89,Austria,2020,9.4,78.74549,21.15293402,0,4.885
90,Austria,2021,9.6,78.74549,21.73176561,0,6.045
91,Austria,2022,9.1,78.74549,20.55248881,0,4.241
92,Austria,2023,9.1,78.74549,20.46541252,0,4.596
93,Azerbaijan,2015,17.2,65.7606,12.40823832,0,4.35
94,Azerbaijan,2016,16.3,64.56339,12.83206344,0,4.59
95,Azerbaijan,2017,14.6,67.13946,11.34141244,0,4.54
96,Azerbaijan,2018,14,73.8979,10.46646357,0,4.51
97,Azerbaijan,2019,14.1,78.50823,11.12347093,0,4.6
98,Azerbaijan,2020,12.5,78.50823,16.21894208,0,6.56
99,Azerbaijan,2021,11.1,78.50823,13.86744232,0,5.49
100,Azerbaijan,2022,12.1,78.50823,11.64214799,0,5.13
101,Azerbaijan,2023,12.1,78.50823,14.01295064,0,5.13
102,"Bahamas, The",2015,12.812,57.10881,11.52939967,0,0
103,"Bahamas, The",2016,12.188,56.94715,10.84196814,0,0
104,"Bahamas, The",2017,11.653,58.61968,11.91170822,0,0
105,"Bahamas, The",2018,11.566,59.38844,11.42218488,0,0
106,"Bahamas, The",2019,11.487,59.87155,12.57509872,0,9.77
107,"Bahamas, The",2020,11.49,59.87155,18.48326003,0,9.77
108,"Bahamas, The",2021,11.445,59.87155,14.78771033,0,9.77
109,"Bahamas, The",2022,11.379,59.87155,13.30349259,0,9.77
110,"Bahamas, The",2023,11.379,59.87155,12.95811975,0,9.774
111,Bahrain,2015,15.791,66.6415,16.88445926,0,0
112,Bahrain,2016,15.181,68.7147,16.27798917,0,0
113,Bahrain,2017,14.506,69.09366,15.85287308,0,0
114,Bahrain,2018,13.818,70.13951,15.55913739,0,0
115,Bahrain,2019,13.198,76.02665,14.99414782,0,0
116,Bahrain,2020,12.621,76.02665,16.55560874,0,0
117,Bahrain,2021,11.926,76.02665,15.20833659,0,0
118,Bahrain,2022,11.454,76.02665,13.62706909,0,0
119,Bahrain,2023,11.454,76.02665,14.64934552,0,0
120,Bangladesh,2015,19.158,40.90786,5.404240381,0,0
121,Bangladesh,2016,19.002,41.01625,5.865298315,53.15752,9.71
122,Bangladesh,2017,18.495,41.5632,6.02233216,53.15752,8.483
123,Bangladesh,2018,18.462,42.46602,5.959166931,52.51337,8.483
124,Bangladesh,2019,18.35,45.04865,6.238189406,52.51337,8.483
125,Bangladesh,2020,18.053,45.04865,5.971207292,51.86921,8.483
126,Bangladesh,2021,17.821,45.04865,5.882748688,51.86921,8.483
127,Bangladesh,2022,17.48,45.04865,5.698999556,51.86921,6.413
128,Bangladesh,2023,17.48,45.04865,5.665169627,51.86921,6.413
129,Barbados,2015,11.095,57.67895,0,0,10.628
130,Barbados,2016,11.009,57.76071,0,0,10.865
131,Barbados,2017,10.952,57.67127,0,0,10.059
132,Barbados,2018,10.913,57.6745,0,0,9.012
133,Barbados,2019,10.885,57.90615,0,0,9.781
134,Barbados,2020,10.859,57.90615,0,0,9.781
135,Barbados,2021,10.832,57.90615,0,0,13.024
136,Barbados,2022,10.783,57.90615,0,0,13.024
137,Barbados,2023,10.783,57.90615,0,0,13.024
138,Belarus,2015,12.5,68.72922,14.92158825,0,0
139,Belarus,2016,12.4,72.62337,15.65366671,5.33257,6.943
140,Belarus,2017,10.8,73.57749,15.65325113,5.33257,6.6
141,Belarus,2018,9.9,74.35306,15.73986266,3.80434,5.611
142,Belarus,2019,9.3,74.29113,16.84306624,3.80434,5.039
143,Belarus,2020,9.47,74.29113,16.96488803,2.27611,4.562
144,Belarus,2021,9.283,74.29113,16.81601547,2.27611,4.6
145,Belarus,2022,9.165,74.29113,17.22887773,2.27611,4.07
146,Belarus,2023,9.165,74.29113,18.0560138,2.27611,4
147,Belgium,2015,10.8,72.42806,23.68120364,0,8.699
148,Belgium,2016,10.8,72.4092,23.34989081,0,8.045
149,Belgium,2017,10.5,72.18146,23.11780233,0,7.517
150,Belgium,2018,10.4,74.74503,23.16961913,0,6.159
151,Belgium,2019,10.2,74.98904,23.00381128,0,5.659
152,Belgium,2020,9.9,74.98904,24.30080459,0,5.894
153,Belgium,2021,10.2,74.98904,23.84076461,0,6.984
154,Belgium,2022,9.8,74.98904,23.49303585,0,5.711
155,Belgium,2023,9.8,74.98904,23.77194415,0,6.249
156,Belize,2015,21.709,55.36697,17.19067053,0,9.765
157,Belize,2016,21.36,55.36968,18.12338184,15.73333,9.389
158,Belize,2017,21.129,55.27374,18.81922076,15.73333,9.604
159,Belize,2018,21.015,55.28901,19.40477488,15.72933,10.584
160,Belize,2019,18.886,55.47444,18.75811246,15.72933,10.102
161,Belize,2020,17.881,55.47444,17.32873192,15.72533,30.599
162,Belize,2021,17.976,55.47444,16.6904216,15.72533,30.599
163,Belize,2022,17.763,55.47444,15.80777743,15.72533,30.599
164,Belize,2023,17.763,55.47444,15.74601627,15.72533,30.599
165,Benin,2015,39.022,48.65854,11.41138015,0,0
166,Benin,2016,38.934,49.72104,10.28081876,68.71948,0
167,Benin,2017,38.678,51.57576,10.47898429,68.71948,0
168,Benin,2018,38.186,51.71272,10.41050539,68.3262,0
169,Benin,2019,37.675,52.40404,10.34206324,68.3262,2.985
170,Benin,2020,37.114,52.40404,11.39936215,67.93293,2.985
171,Benin,2021,36.608,52.40404,10.07596453,67.93293,2.985
172,Benin,2022,36.071,52.40404,10.05783925,67.93293,4.622
173,Benin,2023,36.071,52.40404,9.504197323,67.93293,4.622
174,Bermuda,2019,8.2,0,12.25672917,0,0
175,Bermuda,2020,8.4,0,12.72518214,0,0
176,Bermuda,2022,7.5,0,11.89194403,0,0
177,Bhutan,2015,17.152,64.86482,19.13387133,0,7.07
178,Bhutan,2016,16.076,64.99022,18.10532437,0,7.07
179,Bhutan,2017,14.912,65.7664,18.18510425,0,7.07
180,Bhutan,2018,13.789,65.96848,18.49492547,0,10.898
181,Bhutan,2019,12.871,65.97305,19.11774739,0,9.082
182,Bhutan,2020,12.65,65.97305,22.31535435,0,15.287
183,Bhutan,2021,12.482,65.97305,22.67222515,0,14.305
184,Bhutan,2022,12.332,65.97305,21.01733133,0,17.649
185,Bhutan,2023,12.332,65.97305,21.01733133,0,7.894
186,Bolivia,2015,23.74,49.75552,17.49525821,0,4.593
187,Bolivia,2016,23.355,50.2251,17.45825219,0,4.847
188,Bolivia,2017,22.986,50.97713,17.02164005,0,5.014
189,Bolivia,2018,22.634,51.5617,17.52564467,0,5.03
190,Bolivia,2019,22.323,51.65574,18.143092,0,5.163
191,Bolivia,2020,22.056,51.65574,19.73863444,0,10.702
192,Bolivia,2021,21.836,51.65574,19.33698457,0,6.782
193,Bolivia,2022,21.599,51.65574,19.08991604,0,4.917
194,Bolivia,2023,21.599,51.65574,19.28636427,0,4.037
195,Bosnia and Herzegovina,2015,8.842,64.1284,21.96980753,0,29.199
196,Bosnia and Herzegovina,2016,8.953,64.83564,20.90945001,4,26.179
197,Bosnia and Herzegovina,2017,9.02,65.24652,20.16533362,4,21.693
198,Bosnia and Herzegovina,2018,9.067,65.37254,19.65735729,4,18.902
199,Bosnia and Herzegovina,2019,8.819,65.44253,19.35897003,4,16.377
200,Bosnia and Herzegovina,2020,8.611,65.44253,20.75034602,4,16.223
201,Bosnia and Herzegovina,2021,8.42,65.44253,19.40152057,4,15.621
202,Bosnia and Herzegovina,2022,8.278,65.44253,18.6619176,4,13.058
203,Bosnia and Herzegovina,2023,8.278,65.44253,19.18011085,4,11.003
204,Botswana,2015,26.409,65.48306,31.63939897,0,0
205,Botswana,2016,26.13,65.64189,28.47572183,41.71139,0
206,Botswana,2017,25.672,65.71078,28.87808595,41.71139,0
207,Botswana,2018,25.328,66.17048,29.09851895,39.58877,0
208,Botswana,2019,24.887,66.1978,31.6419395,39.58877,24.728
209,Botswana,2020,24.195,66.1978,36.14305095,39.6,28.098
210,Botswana,2021,23.576,66.1978,31.52924105,39.6,29.354
211,Botswana,2022,23.036,66.1978,27.88729499,39.6,29.526
212,Botswana,2023,23.036,66.1978,28.94315219,39.6,29.242
213,Brazil,2015,14.727,55.61506,19.77681996,0,7.408
214,Brazil,2016,14.051,55.22357,20.37929743,14.8971,13.298
215,Brazil,2017,14.159,55.6207,20.1619047,14.8971,14.388
216,Brazil,2018,14.133,58.59449,19.89508778,14.8971,13.974
217,Brazil,2019,13.633,59.08307,19.98358129,14.8971,13.539
218,Brazil,2020,13.078,59.08307,20.13515302,14.8971,15.828
219,Brazil,2021,12.883,59.08307,18.54758836,14.8971,15.041
220,Brazil,2022,12.649,59.08307,18.40221272,14.8971,10.415
221,Brazil,2023,12.649,59.08307,18.2188135,14.8971,8.962
222,British Virgin Islands,2020,7.448,0,0,0,0
223,Brunei Darussalam,2015,16.546,57.45747,25.0616661,0,0
224,Brunei Darussalam,2016,16.054,62.85225,26.22317864,0,0
225,Brunei Darussalam,2017,15.544,67.68007,26.47724699,0,9.865
226,Brunei Darussalam,2018,15.05,69.63482,24.14172854,0,8.713
227,Brunei Darussalam,2019,14.585,70.06387,25.04039617,0,6.518
228,Brunei Darussalam,2020,14.165,70.06387,25.43098596,0,7.66
229,Brunei Darussalam,2021,13.8,70.06387,22.467059,0,4.863
230,Brunei Darussalam,2022,13.493,70.06387,20.12423823,0,4.757
231,Brunei Darussalam,2023,13.493,70.06387,22.81804665,0,4.633
232,Bulgaria,2015,9.2,72.46018,16.08914146,0,8.384
233,Bulgaria,2016,9.1,71.59242,15.58886361,0,6.766
234,Bulgaria,2017,9,71.69407,15.58457694,0,5.147
235,Bulgaria,2018,8.9,71.80724,16.44139557,0,4.703
236,Bulgaria,2019,8.8,71.97405,16.77297548,0,3.39
237,Bulgaria,2020,8.5,71.97405,19.30764507,0,4.635
238,Bulgaria,2021,8.5,71.97405,18.88518604,0,5.216
239,Bulgaria,2022,8.8,71.97405,18.27892906,0,4.007
240,Bulgaria,2023,8.8,71.97405,18.4205974,0,4.136
241,Burkina Faso,2015,40.088,50.6503,15.94408026,0,0
242,Burkina Faso,2016,38.977,50.92322,16.5070966,37.6825,0
243,Burkina Faso,2017,37.898,51.15106,17.73932315,37.6825,0
244,Burkina Faso,2018,37.294,51.26807,18.41940948,32.11638,8.711
245,Burkina Faso,2019,36.689,51.40019,20.49994241,32.11638,9.254
246,Burkina Faso,2020,36.085,51.40019,19.78414015,26.55025,9.254
247,Burkina Faso,2021,35.541,51.40019,20.24798045,26.55025,9.254
248,Burkina Faso,2022,34.952,51.40019,19.87077318,26.55025,7.461
249,Burkina Faso,2023,34.952,51.40019,19.97507117,26.55025,7.66
250,Burundi,2015,41.321,45.57052,22.42238344,0,0
251,Burundi,2016,39.479,45.68405,23.47319363,44.86794,0
252,Burundi,2017,38.124,45.91224,25.08628881,44.86794,0
253,Burundi,2018,37.011,46.47561,26.21026746,39.50542,0
254,Burundi,2019,36.323,46.77393,27.24477,39.50542,0
255,Burundi,2020,35.603,46.77393,31.3443,36.8,7.009
256,Burundi,2021,34.842,46.77393,30.77247,36.8,7.009
257,Burundi,2022,34.109,46.77393,30.9754527,36.8,7.009
258,Burundi,2023,34.109,46.77393,30.50530896,36.8,7.009
259,Cabo Verde,2015,19.181,53.42938,20.25946357,0,38.182
260,Cabo Verde,2016,19.289,53.40924,19.83164452,0,38.182
261,Cabo Verde,2017,19.006,53.98064,17.76753513,0,15.82
262,Cabo Verde,2019,17.463,55.03925,19.8144672,0,13.63
263,Cabo Verde,2020,17.158,55.03925,25.72931048,0,13.63
264,Cabo Verde,2021,16.951,55.03925,26.58763251,0,13.63
265,Cabo Verde,2022,16.686,55.03925,22.365022,0,13.63
266,Cabo Verde,2023,16.686,55.03925,21.75335973,0,13.63
267,Cambodia,2015,22.343,52.87481,5.461082875,0,0.975
268,Cambodia,2016,21.864,53.15749,5.320850037,39.7,1.262
269,Cambodia,2017,21.348,53.38889,5.244503357,39.7,1.262
270,Cambodia,2018,20.805,53.7971,4.948207579,39.7,1.262
271,Cambodia,2019,20.28,53.84483,4.809338638,39.7,0.996
272,Cambodia,2020,19.849,53.84483,5.422165844,39.7,0.341
273,Cambodia,2021,19.334,53.84483,6.565786405,39.7,0.341
274,Cambodia,2022,18.969,53.84483,5.899853929,39.7,0.341
275,Cambodia,2023,18.969,53.84483,6.077860903,39.7,0.341
276,Cameroon,2015,37.807,41.89121,12.25388558,0,0
277,Cameroon,2016,37.747,41.7675,12.12434562,39.21019,0
278,Cameroon,2017,37.403,45.05227,11.68042445,39.21019,0
279,Cameroon,2018,36.716,46.00492,11.92001884,35.94099,0
280,Cameroon,2019,36.147,46.09974,12.09635125,35.94099,0
281,Cameroon,2020,35.507,46.09974,12.2819317,32.67179,0
282,Cameroon,2021,34.938,46.09974,12.04323631,32.67179,11.416
283,Cameroon,2022,34.352,46.09974,10.50755549,32.67179,11.416
284,Cameroon,2023,34.352,46.09974,10.58431522,32.67179,11.416
285,Canada,2015,10.7,79.75597,20.87782513,0,8.246
286,Canada,2016,10.6,79.54094,21.04804019,0,8.229
287,Canada,2017,10.3,79.30059,20.70333139,0,7.445
288,Canada,2018,10.1,79.6798,20.6814327,0,6.91
289,Canada,2019,9.9,79.64043,20.66349609,0,7.122
290,Canada,2020,9.5,79.64043,22.70110776,0,13.072
291,Canada,2021,9.7,79.64043,21.44233714,0,9.976
292,Canada,2022,9,79.64043,20.69168862,0,6.78
293,Canada,2023,9,79.64043,21.20664975,0,6.953
294,Central African Republic,2015,41.044,32.01455,14.77679854,0,0
295,Central African Republic,2016,41.209,31.95495,14.40810862,68.9131,0
296,Central African Republic,2017,41.602,32.35174,14.06703431,68.9131,0
297,Central African Republic,2018,41.831,34.83372,7.700010003,68.9131,0
298,Central African Republic,2019,41.92,35.56585,8.044640002,68.9131,0
299,Central African Republic,2020,42.175,35.56585,9.677040002,68.9131,0
300,Central African Republic,2021,42.68,35.56585,9.140750003,68.9131,0
301,Central African Republic,2022,42.344,35.56585,8.335279997,68.9131,0
302,Central African Republic,2023,42.344,35.56585,8.335279997,68.9131,0
303,Chad,2015,46.367,35.29956,5.1450878,0,0
304,Chad,2016,45.456,36.00847,4.211686912,82.56551,0
305,Chad,2017,44.811,35.52606,4.32522476,82.56551,0
306,Chad,2018,44.37,36.66065,3.603393277,82,3.471
307,Chad,2019,44.229,36.93568,3.587512578,82,3.471
308,Chad,2020,43.849,36.93568,4.73537683,82,3.471
309,Chad,2021,43.357,36.93568,4.683119932,82,3.471
310,Chad,2022,43.184,36.93568,4.050717028,82,3.471
311,Chad,2023,43.184,36.93568,4.209122449,82,3.471
312,Chile,2015,13.211,71.17517,13.59211772,0,7.12
313,Chile,2016,12.7,71.58185,14.34266762,0,7.47
314,Chile,2017,12.13,71.951,14.6487132,0,7.813
315,Chile,2018,11.94,72.32025,14.85647376,0,8.001
316,Chile,2019,11.855,72.58023,15.25395573,0,8.172
317,Chile,2020,11.834,72.58023,16.02636187,0,11.747
318,Chile,2021,11.788,72.58023,14.72846244,0,9.989
319,Chile,2022,11.755,72.58023,14.67535232,0,8.884
320,Chile,2023,11.755,72.58023,15.10268919,0,9.869
321,China,2015,11.99,62.27669,16.21788677,0,0
322,China,2016,13.57,63.79116,16.36375556,0,0
323,China,2017,12.64,64.20096,16.32486222,0,0
324,China,2018,10.86,73.30366,16.53580834,0,0
325,China,2019,10.41,77.28424,16.77051091,0,0
326,China,2020,8.52,77.28424,17.13013339,0,0
327,China,2021,7.52,77.28424,15.8081384,0,0
328,China,2022,6.77,77.28424,16.05012775,0,0
329,China,2023,6.77,77.28424,16.50931118,0,0
330,Colombia,2015,15.585,68.85918,14.81162979,0,10.1
331,Colombia,2016,15.353,69.1652,14.54128472,10.42127,10.232
332,Colombia,2017,15.081,69.03524,14.88064263,10.42127,10.895
333,Colombia,2018,14.841,69.24335,15.42148086,9.7,11.041
334,Colombia,2019,14.682,70.05964,15.77323342,9.7,12.032
335,Colombia,2020,14.435,70.05964,17.15883586,9.7,12.032
336,Colombia,2021,14.204,70.05964,16.04633106,9.7,16.385
337,Colombia,2022,13.921,70.05964,13.99818069,9.7,12.716
338,Colombia,2023,13.921,70.05964,14.75378039,9.7,11.581
339,Comoros,2015,32.147,46.24941,10.59190468,0,0
340,Comoros,2016,31.756,46.37003,10.61491606,68.6,0
341,Comoros,2017,31.33,46.87233,10.82377663,68.6,0
342,Comoros,2018,30.859,47.01396,10.22968894,68.6,0
343,Comoros,2019,30.4,47.87291,10.0948841,68.6,0
344,Comoros,2020,29.896,47.87291,10.5607884,68.6,0
345,Comoros,2021,29.398,47.87291,10.14976369,68.6,7.011
346,Comoros,2022,28.887,47.87291,9.61494799,68.6,7.011
347,Comoros,2023,28.887,47.87291,9.25201678,68.6,7.011
348,"Congo, Dem. Rep.",2015,43.641,34.35533,9.056194741,0,0
349,"Congo, Dem. Rep.",2016,43.411,34.39028,7.437957422,76.98054,0
350,"Congo, Dem. Rep.",2017,43.251,34.57002,5.45682326,76.98054,0
351,"Congo, Dem. Rep.",2018,42.989,35.23313,6.317593895,77.90169,0
352,"Congo, Dem. Rep.",2019,42.656,36.20973,6.929147319,77.90169,0
353,"Congo, Dem. Rep.",2020,42.311,36.20973,7.575638237,78.36226,7.492
354,"Congo, Dem. Rep.",2021,42.049,36.20973,8.261796258,78.36226,7.492
355,"Congo, Dem. Rep.",2022,41.737,36.20973,9.364668955,78.36226,7.492
356,"Congo, Dem. Rep.",2023,41.737,36.20973,7.933348098,78.36226,7.492
357,"Congo, Rep.",2015,34.648,38.91712,19.30627143,0,0
358,"Congo, Rep.",2016,33.706,38.45264,21.30852348,47.29947,0
359,"Congo, Rep.",2017,33.025,37.86014,18.08658621,47.29947,0
360,"Congo, Rep.",2018,32.337,38.22684,13.50410756,44.18359,0
361,"Congo, Rep.",2019,31.676,39.53359,13.24087509,44.18359,0
362,"Congo, Rep.",2020,31.155,39.53359,17.4783555,44.18359,0
363,"Congo, Rep.",2021,30.691,39.53359,14.8705071,44.18359,0
364,"Congo, Rep.",2022,30.175,39.53359,11.83679224,44.18359,0
365,"Congo, Rep.",2023,30.175,39.53359,13.09930209,44.18359,0
366,Costa Rica,2015,14.522,67.67451,16.96024191,0,10.672
367,Costa Rica,2016,14.145,67.67937,16.70867908,5.37577,8.912
368,Costa Rica,2017,13.926,69.30028,16.35817465,5.37577,9.566
369,Costa Rica,2018,13.562,68.83187,16.19573389,4.46075,12.346
370,Costa Rica,2019,12.847,69.2383,16.75120098,4.46075,13.813
371,Costa Rica,2020,12.152,69.2383,17.70473207,3.54573,21.104
372,Costa Rica,2021,11.873,69.2383,16.53079798,3.54573,21.012
373,Costa Rica,2022,11.686,69.2383,15.39587873,3.54573,16.066
374,Costa Rica,2023,11.686,69.2383,14.87349346,3.54573,11.998
375,Cote d'Ivoire,2015,36.282,50.32956,9.347876,0,0
376,Cote d'Ivoire,2016,35.959,50.95707,9.865195072,54.75146,5.146
377,Cote d'Ivoire,2017,35.863,52.98796,10.26838596,54.75146,6.396
378,Cote d'Ivoire,2018,35.007,58.34417,10.04734403,53.21082,6.396
379,Cote d'Ivoire,2019,34.554,60.68796,10.8276426,53.21082,5.49
380,Cote d'Ivoire,2020,34.197,60.68796,11.32160445,53.21082,5.49
381,Cote d'Ivoire,2021,33.934,60.68796,9.962659467,53.21082,5.49
382,Cote d'Ivoire,2022,33.492,60.68796,10.41704471,53.21082,6.252
383,Cote d'Ivoire,2023,33.492,60.68796,10.4890783,53.21082,6.252
384,Croatia,2015,8.9,71.35304,22.46152823,0,18.042
385,Croatia,2016,9,72.15494,21.96633702,0,14.586
386,Croatia,2017,8.9,72.60762,21.79820751,0,11.691
387,Croatia,2018,9,72.95462,21.67398785,0,9.135
388,Croatia,2019,8.9,73.62096,21.69431087,0,6.906
389,Croatia,2020,8.9,73.62096,24.87982866,0,8.2
390,Croatia,2021,9.4,73.62096,23.06666487,0,8.45
391,Croatia,2022,8.8,73.62096,21.11216992,0,7.185
392,Croatia,2023,8.8,73.62096,21.28627613,0,6.788
393,Cuba,2015,10.972,0,32.20601197,0,0
394,Cuba,2016,10.351,0,31.89544698,8.44494,0
395,Cuba,2017,10.182,0,30.83820304,8.44494,0
396,Cuba,2018,10.348,0,30.04496667,9.49348,0
397,Cuba,2019,9.752,0,32.23220881,9.49348,0
398,Cuba,2020,9.344,0,38.8479746,10.54202,0
399,Cuba,2021,8.922,0,33.82647562,10.54202,0
400,Cuba,2022,8.889,0,32.53303418,10.54202,0
401,Cuba,2023,8.889,0,32.53303418,10.54202,0
402,Curacao,2021,8.6,0,14.47828743,0,22.53
403,Cyprus,2015,11.208,71.95361,16.60931001,0,16.676
404,Cyprus,2016,11.419,72.31415,15.48715944,0,14.321
405,Cyprus,2017,10.994,72.28343,15.03364293,0,11.467
406,Cyprus,2018,10.843,72.77735,14.70791657,0,8.997
407,Cyprus,2019,10.794,73.35105,16.0314662,0,8.057
408,Cyprus,2020,10.583,73.35105,19.19669926,0,8.692
409,Cyprus,2021,10.313,73.35105,18.5541028,0,8.81
410,Cyprus,2022,10.023,73.35105,17.87683532,0,7.784
411,Cyprus,2023,10.023,73.35105,18.55839835,0,6.371
412,Czechia,2015,10.5,76.10923,18.80776377,0,4.702
413,Czechia,2016,10.7,76.38834,18.78146532,0,3.498
414,Czechia,2017,10.8,76.42162,18.50981514,0,2.691
415,Czechia,2018,10.7,76.322,19.17491832,0,2.059
416,Czechia,2019,10.5,76.34054,19.26463299,0,1.749
417,Czechia,2020,10.3,76.34054,21.31989023,0,2.394
418,Czechia,2021,10.6,76.34054,20.77098746,0,2.686
419,Czechia,2022,9.5,76.34054,19.44147355,0,2.038
420,Czechia,2023,9.5,76.34054,19.6583815,0,1.99
421,Denmark,2015,10.2,84.50938,25.54635582,0,5.38
422,Denmark,2016,10.8,84.59517,24.94291548,0,5.134
423,Denmark,2017,10.6,84.5806,24.44966226,0,4.681
424,Denmark,2018,10.6,85.17028,24.38110739,0,4.08
425,Denmark,2019,10.5,85.28856,24.20477676,0,4.119
426,Denmark,2020,10.4,85.28856,24.67998753,0,4.775
427,Denmark,2021,10.8,85.28856,23.84555019,0,4.46
428,Denmark,2022,9.9,85.28856,21.68108442,0,3.739
429,Denmark,2023,9.9,85.28856,22.48152477,0,4.563
430,Djibouti,2015,23.889,44.26206,19.91112023,0,0
431,Djibouti,2016,23.516,47.15118,22.22990771,0,0
432,Djibouti,2017,23.276,50.88048,21.77355362,0,27.474
433,Djibouti,2018,22.982,58.38141,21.3501237,0,27.474
434,Djibouti,2019,22.748,60.49674,19.8109452,0,27.474
435,Djibouti,2020,22.477,60.49674,19.58828598,0,27.474
436,Djibouti,2021,22.205,60.49674,18.18360517,0,27.474
437,Djibouti,2022,21.911,60.49674,15.10796467,0,27.474
438,Djibouti,2023,21.911,60.49674,14.48944317,0,27.474
439,Dominica,2015,13.447,61.48672,21.34877636,0,0
440,Dominica,2016,13.167,61.23575,19.08189893,0,0
441,Dominica,2017,13.13,61.66778,24.07842692,0,0
442,Dominica,2018,13.191,60.54557,27.39071221,0,0
443,Dominica,2019,13.272,60.54797,27.39071221,0,0
444,Dominica,2020,13.301,60.54797,27.39071221,0,0
445,Dominica,2021,13.326,60.54797,27.39071221,0,0
446,Dominica,2022,13.278,60.54797,27.39071221,0,0
447,Dominica,2023,13.278,60.54797,27.39071221,0,0
448,Dominican Republic,2015,20.596,57.90154,10.28874596,0,11.513
449,Dominican Republic,2016,20.258,57.699,10.3026904,11.24888,10.206
450,Dominican Republic,2017,19.993,59.12432,10.93864349,11.24888,8.128
451,Dominican Republic,2018,19.762,59.32073,10.85985699,11.24888,9.621
452,Dominican Republic,2019,19.291,59.98867,11.06879727,11.24888,9.785
453,Dominican Republic,2020,18.78,59.98867,12.62661536,11.24888,9.02
454,Dominican Republic,2021,18.432,59.98867,11.46511231,11.24888,10.623
455,Dominican Republic,2022,18.111,59.98867,11.34424686,11.24888,7.754
456,Dominican Republic,2023,18.111,59.98867,11.29002941,11.24888,7.326
457,Ecuador,2015,18.74,57.10316,15.37381437,0,5.867
458,Ecuador,2016,18.224,57.52173,15.6897053,0,7.301
459,Ecuador,2017,17.996,57.49538,15.29753478,0,5.965
460,Ecuador,2018,17.658,57.6141,15.55676077,0,5.653
461,Ecuador,2019,17.338,57.7227,15.18407744,0,6.231
462,Ecuador,2020,17.037,57.7227,16.32258693,0,6.231
463,Ecuador,2021,16.817,57.7227,14.34917346,0,6.731
464,Ecuador,2022,16.583,57.7227,13.40226735,0,5.574
465,Ecuador,2023,16.583,57.7227,13.9198908,0,5.092
466,"Egypt, Arab Rep.",2015,28.078,54.70209,11.75989198,0,16.667
467,"Egypt, Arab Rep.",2016,25.913,55.47428,11.42688418,0.89992,15.906
468,"Egypt, Arab Rep.",2017,25.231,55.79763,9.579036626,0.89992,15.672
469,"Egypt, Arab Rep.",2018,24.562,58.51399,7.942222794,0.89992,10.475
470,"Egypt, Arab Rep.",2019,23.568,60.05364,7.285561115,0.89992,11.144
471,"Egypt, Arab Rep.",2020,23.051,60.05364,7.53990183,0.89992,7.291
472,"Egypt, Arab Rep.",2021,22.558,60.05364,7.558043553,0.89992,7.039
473,"Egypt, Arab Rep.",2022,22.107,60.05364,7.268090532,0.89992,6.804
474,"Egypt, Arab Rep.",2023,22.107,60.05364,6.786901187,0.89992,6.085
475,El Salvador,2015,18.406,62.40213,16.49744179,0,5.813
476,El Salvador,2016,17.566,62.65253,16.31643933,16.47714,6.846
477,El Salvador,2017,16.974,64.70983,16.1331092,16.47714,6.794
478,El Salvador,2018,16.536,64.92118,16.10965822,16.5,5.968
479,El Salvador,2019,16.416,65.25247,16.03202096,16.5,6.183
480,El Salvador,2020,16.188,65.25247,19.69685236,16.5,8.125
481,El Salvador,2021,16.025,65.25247,19.34677173,16.5,6.169
482,El Salvador,2022,15.803,65.25247,17.95190335,16.5,3.978
483,El Salvador,2023,15.803,65.25247,18.01166641,16.5,4.449
484,Equatorial Guinea,2016,34.392,38.4902,25.32732608,0,0
485,Equatorial Guinea,2017,33.507,40.26392,23.69493699,0,0
486,Equatorial Guinea,2018,32.667,40.53653,23.52783741,0,0
487,Equatorial Guinea,2019,31.874,41.05286,25.46067199,0,0
488,Equatorial Guinea,2020,31.174,41.05286,28.43493158,0,0
489,Equatorial Guinea,2021,30.498,41.05286,25.4888078,0,0
490,Equatorial Guinea,2022,29.865,41.05286,22.16206653,0,0
491,Equatorial Guinea,2023,29.865,41.05286,26.20338256,0,0
492,Eritrea,2015,30.417,20.92479,0,0,0
493,Eritrea,2016,29.91,20.94464,0,0,0
494,Eritrea,2017,29.421,21.37138,0,0,0
495,Eritrea,2018,29.105,21.50372,0,0,0
496,Eritrea,2019,28.941,21.5998,0,0,0
497,Eritrea,2020,28.706,21.5998,0,0,0
498,Eritrea,2021,28.624,21.5998,0,0,0
499,Eritrea,2022,28.426,21.5998,0,0,0
500,Eritrea,2023,28.426,21.5998,0,0,0
501,Estonia,2015,10.6,80.53864,19.22326451,0,6.927
502,Estonia,2016,10.7,80.7042,19.3323941,0,7.797
503,Estonia,2017,10.5,80.76691,18.87498165,0,6.631
504,Estonia,2018,10.9,80.79339,18.76285059,0,5.682
505,Estonia,2019,10.6,80.61685,19.08193305,0,4.795
506,Estonia,2020,9.9,80.61685,20.50868922,0,7.425
507,Estonia,2021,10,80.61685,19.81568681,0,6.854
508,Estonia,2022,8.6,80.61685,19.29130867,0,5.895
509,Estonia,2023,8.6,80.61685,20.64359756,0,7.43
510,Ethiopia,2015,33.428,43.78485,9.013788576,0,0
511,Ethiopia,2016,33.315,44.06311,11.1344515,67.40962,0
512,Ethiopia,2017,33.059,46.14583,11.10920751,67.40962,0
513,Ethiopia,2018,32.996,47.0561,10.25048168,64.31438,0
514,Ethiopia,2019,33.123,47.97613,9.193046848,64.31438,0
515,Ethiopia,2020,32.78,47.97613,9.129475484,64.31438,0
516,Ethiopia,2021,32.383,47.97613,8.835824527,64.31438,7.677
517,Ethiopia,2022,31.835,47.97613,7.361732918,64.31438,7.677
518,Ethiopia,2023,31.835,47.97613,6.318362067,64.31438,7.677
519,Fiji,2015,21.45,62.79354,20.15279867,0,0
520,Fiji,2016,21.05,61.26819,18.94105122,9.4,5.545
521,Fiji,2017,20.55,61.34481,19.28052761,9.4,5.545
522,Fiji,2018,20.187,61.38188,20.39188402,9.4,5.545
523,Fiji,2019,19.962,61.47892,21.2424353,9.4,5.545
524,Fiji,2020,19.628,61.47892,23.6332493,9.4,5.545
525,Fiji,2021,19.345,61.47892,23.60717884,9.4,5.545
526,Fiji,2022,19.131,61.47892,20.50887553,9.4,5.545
527,Fiji,2023,19.131,61.47892,20.50887553,9.4,5.545
528,Finland,2015,10.1,80.10477,24.52281723,0,10.156
529,Finland,2016,9.6,80.09777,23.86877251,0,9.564
530,Finland,2017,9.1,79.98436,22.94909793,0,9.522
531,Finland,2018,8.6,80.04165,23.05513033,0,7.86
532,Finland,2019,8.3,80.17834,23.31857554,0,7.26
533,Finland,2020,8.4,80.17834,24.42054766,0,8.396
534,Finland,2021,9,80.17834,24.7953884,0,8.384
535,Finland,2022,8.1,80.17834,24.15002029,0,7.494
536,Finland,2023,8.1,80.17834,25.57551588,0,7.639
537,France,2015,12,76.14755,23.77576177,0,10.799
538,France,2016,11.8,76.25038,23.75694232,0,10.663
539,France,2017,11.5,76.01011,23.7013842,0,10.071
540,France,2018,11.3,76.77957,23.35007584,0,9.654
541,France,2019,11.2,76.80465,23.03484227,0,9.145
542,France,2020,10.9,76.80465,24.83983574,0,8.854
543,France,2021,11,76.80465,24.35159842,0,8.48
544,France,2022,10.6,76.80465,23.86136358,0,8.17
545,France,2023,10.6,76.80465,23.12356061,0,8.074
546,French Polynesia,2022,12.55,0,31.69070118,0,0
547,Gabon,2015,31.036,44.02055,14.81639805,0,0
548,Gabon,2016,30.362,43.74227,14.64120171,44.33265,0
549,Gabon,2017,29.713,44.68792,13.23170516,44.33265,0
550,Gabon,2018,29.004,44.49778,10.56580371,44.33265,0
551,Gabon,2019,28.354,45.0251,10.99342929,44.33265,0
552,Gabon,2020,27.695,45.0251,13.1475546,44.33265,0
553,Gabon,2021,27.142,45.0251,11.81726401,44.33265,0
554,Gabon,2022,26.803,45.0251,10.80697157,44.33265,0
555,Gabon,2023,26.803,45.0251,11.46611969,44.33265,0
556,"Gambia, The",2015,37.576,46.23324,8.326579387,0,0
557,"Gambia, The",2016,36.59,47.75618,8.446617063,42.49858,0
558,"Gambia, The",2017,35.743,47.75707,7.866855086,42.49858,0
559,"Gambia, The",2018,34.924,47.82604,6.824780047,40.69583,9.833
560,"Gambia, The",2019,34.281,50.29381,8.242884235,40.69583,9.833
561,"Gambia, The",2020,33.719,50.29381,8.991768097,38.89309,9.833
562,"Gambia, The",2021,33.257,50.29381,9.758037143,38.89309,9.833
563,"Gambia, The",2022,32.696,50.29381,8.362463195,38.89309,9.833
564,"Gambia, The",2023,32.696,50.29381,7.37283089,38.89309,11.404
565,Georgia,2015,15.79,78.30005,14.60965816,0,15.598
566,Georgia,2016,15.471,80.79351,15.18576943,8.61301,15.185
567,Georgia,2017,14.856,83.01189,13.89123391,8.61301,13.49
568,Georgia,2018,14.395,83.4992,13.28869264,7.84604,12.831
569,Georgia,2019,13.451,83.73393,13.14428367,7.84604,11.798
570,Georgia,2020,12.966,83.73393,14.6114698,7.07908,11.312
571,Georgia,2021,13.412,83.73393,14.12665948,7.07908,11.312
572,Georgia,2022,13.099,83.73393,12.52938293,7.07908,11.312
573,Georgia,2023,13.099,83.73393,12.14854588,7.07908,11.312
574,Germany,2015,9,79.5005,19.31223567,0,4.231
575,Germany,2016,9.6,79.5543,19.51907162,0,3.656
576,Germany,2017,9.5,79.34962,19.45954952,0,3.301
577,Germany,2018,9.5,79.34794,19.50223396,0,2.856
578,Germany,2019,9.4,79.71004,19.90302358,0,2.705
579,Germany,2020,9.3,79.71004,21.73132113,0,3.2
580,Germany,2021,9.6,79.71004,21.67421922,0,3.097
581,Germany,2022,8.8,79.71004,21.52132731,0,2.704
582,Germany,2023,8.8,79.71004,21.22872741,0,2.571
583,Ghana,2015,31.713,56.99383,7.680490857,0,14.225
584,Ghana,2016,30.527,58.03559,7.886931128,33.48685,14.225
585,Ghana,2017,28.978,58.37525,6.957052131,33.48685,6.803
586,Ghana,2018,29.025,60.43442,7.104780398,33.48685,6.803
587,Ghana,2019,28.572,59.96017,7.04320381,33.48685,6.803
588,Ghana,2020,28.038,59.96017,7.833410156,33.48685,6.803
589,Ghana,2021,27.548,59.96017,8.005653088,33.48685,3.871
590,Ghana,2022,27.08,59.96017,6.652534328,33.48685,5.999
591,Ghana,2023,27.08,59.96017,5.866963029,33.48685,5.999
592,Greece,2015,8.5,66.92296,20.76798375,0,27.639
593,Greece,2016,8.6,67.08976,20.61806031,0,26.108
594,Greece,2017,8.2,67.11485,20.43841265,0,23.844
595,Greece,2018,8.1,67.40997,19.65971045,0,21.605
596,Greece,2019,7.8,68.42391,19.97912045,0,19.233
597,Greece,2020,7.9,68.42391,22.72749406,0,18.182
598,Greece,2021,8.1,68.42391,21.49743856,0,16.986
599,Greece,2022,7.3,68.42391,19.98568756,0,14.506
600,Greece,2023,7.3,68.42391,19.28684397,0,12.816
601,Grenada,2015,17.605,53.57188,0,0,0
602,Grenada,2016,17.419,53.41014,0,0,0
603,Grenada,2017,17.191,53.30874,0,0,0
604,Grenada,2018,16.92,53.37453,0,0,13.718
605,Grenada,2019,16.617,53.44488,0,0,10.077
606,Grenada,2020,16.288,53.44488,0,0,15.636
607,Grenada,2021,15.961,53.44488,0,0,14.853
608,Grenada,2022,15.616,53.44488,0,0,14.853
609,Grenada,2023,15.616,53.44488,0,0,7.283
610,Guatemala,2015,25.834,61.68036,11.08810853,0,6.382
611,Guatemala,2016,25.541,61.95631,10.44035279,37.60292,5.956
612,Guatemala,2017,24.791,61.52534,10.57282301,37.60292,5.466
613,Guatemala,2018,23.929,62.53299,11.12025855,37.6,5.183
614,Guatemala,2019,22.858,62.59562,11.10700482,37.6,4.568
615,Guatemala,2020,21.816,62.59562,11.47197049,37.6,4.568
616,Guatemala,2021,21.12,62.59562,11.22933787,37.6,4.084
617,Guatemala,2022,20.861,62.59562,11.47554247,37.6,6.599
618,Guatemala,2023,20.861,62.59562,11.23045777,37.6,3.817
619,Guinea,2015,37.891,44.33462,19.50189558,0,0
620,Guinea,2016,37.396,45.97639,16.88354502,47.33878,0
621,Guinea,2017,36.625,46.71106,15.27602158,47.33878,0
622,Guinea,2018,35.931,49.26216,15.48190477,48.17296,0
623,Guinea,2019,35.436,49.42922,15.40232525,48.17296,18.253
624,Guinea,2020,34.944,49.42922,17.41322372,49.00714,18.253
625,Guinea,2021,34.425,49.42922,17.48203055,49.00714,18.253
626,Guinea,2022,33.855,49.42922,17.12082103,49.00714,18.253
627,Guinea,2023,33.855,49.42922,13.61812841,49.00714,18.253
628,Guinea-Bissau,2015,35.519,40.43484,15.19235935,0,0
629,Guinea-Bissau,2016,34.502,42.79794,15.22583548,68.0291,0
630,Guinea-Bissau,2017,33.285,42.91537,15.59457936,68.0291,0
631,Guinea-Bissau,2018,32.657,43.19038,16.54218702,64.41973,3.147
632,Guinea-Bissau,2019,32.093,43.23319,18.7929536,64.41973,11.397
633,Guinea-Bissau,2020,31.605,43.23319,20.15111144,60.81037,11.397
634,Guinea-Bissau,2021,31.087,43.23319,19.76717604,60.81037,11.397
635,Guinea-Bissau,2022,30.611,43.23319,19.90644732,60.81037,7.134
636,Guinea-Bissau,2023,30.611,43.23319,16.41324592,60.81037,7.134
637,Guyana,2015,21.31,50.96896,0,0,0
638,Guyana,2016,21.139,56.35643,0,15.43465,0
639,Guyana,2017,20.958,56.75682,0,15.43465,0
640,Guyana,2018,20.77,55.59359,0,13.78743,16.171
641,Guyana,2019,20.828,55.49196,0,13.78743,16.096
642,Guyana,2020,20.473,55.49196,0,12.1402,16.096
643,Guyana,2021,20.298,55.49196,0,12.1402,16.096
644,Guyana,2022,19.897,55.49196,0,12.1402,16.096
645,Guyana,2023,19.897,55.49196,0,12.1402,16.096
646,Haiti,2015,25.51,37.67892,8.257802912,0,0
647,Haiti,2016,25.254,37.73652,8.209290174,50.83825,0
648,Haiti,2017,24.98,37.74675,7.897687461,50.83825,0
649,Haiti,2018,24.579,37.85895,8.263430719,49.53262,0
650,Haiti,2019,24.304,40.72493,7.191351147,49.53262,0
651,Haiti,2020,23.936,40.72493,7.312055571,48.9,0
652,Haiti,2021,23.498,40.72493,7.472955798,48.9,0
653,Haiti,2022,23.146,40.72493,6.904137934,48.9,0
654,Haiti,2023,23.146,40.72493,6.216791901,48.9,0
655,Honduras,2015,22.751,56.12768,14.30524677,0,12.403
656,Honduras,2016,22.44,55.73586,14.11393609,31.5,12.489
657,Honduras,2017,22.16,55.88601,13.49841646,31.5,10.992
658,Honduras,2018,21.895,55.97099,13.46225149,31.5,10.342
659,Honduras,2019,21.628,56.26791,13.87903455,31.5,10.579
660,Honduras,2020,21.353,56.26791,15.66110691,31.5,10.579
661,Honduras,2021,21.071,56.26791,15.67403086,31.5,9.625
662,Honduras,2022,20.85,56.26791,14.27609386,31.5,11.138
663,Honduras,2023,20.85,56.26791,14.42113592,31.5,9.209
664,"Hong Kong SAR, China",2015,8.2,84.32249,9.642869056,0,3.371
665,"Hong Kong SAR, China",2016,8.3,84.76059,9.956363893,0,3.506
666,"Hong Kong SAR, China",2017,7.6,85.04858,9.830272171,0,3.297
667,"Hong Kong SAR, China",2018,7.2,85.08628,9.925129495,0,2.949
668,"Hong Kong SAR, China",2019,7,85.3154,10.8764361,0,2.865
669,"Hong Kong SAR, China",2020,5.8,85.3154,12.74582899,0,6.105
670,"Hong Kong SAR, China",2021,5,85.3154,12.67762981,0,5.533
671,"Hong Kong SAR, China",2022,4.4,85.3154,14.33694283,0,4.615
672,"Hong Kong SAR, China",2023,4.4,85.3154,13.26253915,0,2.998
673,Hungary,2015,9.4,71.06578,19.7138882,0,6.401
674,Hungary,2016,9.7,71.3825,19.96110606,7.2,4.76
675,Hungary,2017,9.7,72.6828,20.19282003,7.2,3.745
676,Hungary,2018,9.6,73.23963,19.69256484,7.2,3.346
677,Hungary,2019,9.5,73.41584,20.0857248,7.2,3.019
678,Hungary,2020,9.6,73.41584,21.35886541,7.2,4.116
679,Hungary,2021,9.7,73.41584,20.89843457,7.2,3.942
680,Hungary,2022,9.3,73.41584,20.63735659,7.2,3.306
681,Hungary,2023,9.3,73.41584,20.03210207,7.2,3.831
682,Iceland,2015,12.5,78.97419,23.42735463,0,3.354
683,Iceland,2016,12,79.00524,23.00974929,0,3.073
684,Iceland,2017,11.9,78.99464,23.67726419,0,2.423
685,Iceland,2018,12,79.011,24.14720819,0,2.284
686,Iceland,2019,12.3,78.96154,24.58737631,0,3.334
687,Iceland,2020,12.3,78.96154,28.07058644,0,5.534
688,Iceland,2021,13.1,78.96154,27.33862963,0,5.883
689,Iceland,2022,11.5,78.96154,25.55516493,0,3.165
690,Iceland,2023,11.5,78.96154,25.41961404,0,3.058
691,India,2015,18.765,54.52099,10.42829071,0,0
692,India,2016,18.514,55.94046,10.30854807,49.70906,0
693,India,2017,17.911,60.9076,10.76719895,49.70906,0
694,India,2018,17.651,67.49639,10.82321853,49.01085,12.343
695,India,2019,17.049,71.04511,11.00267551,49.01085,10.309
696,India,2020,16.572,71.04511,11.61245241,49.01085,11.635
697,India,2021,16.419,71.04511,10.47637824,49.01085,9.571
698,India,2022,16.267,71.04511,10.70013506,49.01085,8.06
699,India,2023,16.267,71.04511,10.39072697,49.01085,5.991
700,Indonesia,2015,18.448,62.11215,9.74941377,0,8.476
701,Indonesia,2016,18.017,64.66011,9.52781009,21.89212,7.536
702,Indonesia,2017,17.519,66.86799,9.120571152,21.89212,6.948
703,Indonesia,2018,17.179,68.184,9.021231804,20.23793,7.712
704,Indonesia,2019,16.91,69.57879,8.808471291,20.23793,6.209
705,Indonesia,2020,16.649,69.57879,9.655750531,19.41083,7.269
706,Indonesia,2021,16.425,69.57879,9.246941615,19.41083,6.704
707,Indonesia,2022,16.196,69.57879,7.683280589,19.41083,6.269
708,Indonesia,2023,16.196,69.57879,7.445394045,19.41083,5.792
709,"Iran, Islamic Rep.",2015,19.428,55.37743,15.56882322,0,11.765
710,"Iran, Islamic Rep.",2016,19.017,55.70786,15.78069475,0,13.428
711,"Iran, Islamic Rep.",2017,18.608,55.69678,16.06231264,0,13.428
712,"Iran, Islamic Rep.",2018,17.231,58.63915,15.74716889,0,12.676
713,"Iran, Islamic Rep.",2019,15.118,58.54658,15.30027571,0,11.264
714,"Iran, Islamic Rep.",2020,14.231,58.54658,14.43166798,0,10.288
715,"Iran, Islamic Rep.",2021,13.699,58.54658,14.23357659,0,10.033
716,"Iran, Islamic Rep.",2022,13.242,58.54658,12.73218238,0,9.507
717,"Iran, Islamic Rep.",2023,13.242,58.54658,12.87921169,0,9.507
718,Iraq,2015,31.593,42.86367,18.66609857,0,0
719,Iraq,2016,30.17,44.14072,18.38922825,46.24999,0
720,Iraq,2017,28.923,44.61783,16.30525167,46.24999,0
721,Iraq,2018,28.429,44.65481,15.87948985,47.79447,0
722,Iraq,2019,28.078,44.70443,19.31538644,47.79447,0
723,Iraq,2020,27.732,44.70443,22.50890882,49.33894,0
724,Iraq,2021,27.367,44.70443,17.71730836,49.33894,13.4
725,Iraq,2022,27.035,44.70443,15.65803401,49.33894,13.4
726,Iraq,2023,27.035,44.70443,15.65803401,49.33894,13.4
727,Ireland,2015,13.9,79.79674,12.10309936,0,12.401
728,Ireland,2016,13.4,80.10484,12.5240695,8.3,10.07
729,Ireland,2017,12.9,80.10187,11.92312678,8.3,8.427
730,Ireland,2018,12.5,79.58999,11.75349737,8.5,6.924
731,Ireland,2019,12,79.57614,11.81450312,8.5,5.952
732,Ireland,2020,11.2,79.57614,12.60673881,8.5,6.903
733,Ireland,2021,12,79.57614,11.68537011,8.5,8.155
734,Ireland,2022,11.2,79.57614,11.06084836,8.5,5.114
735,Ireland,2023,11.2,79.57614,12.16909505,8.5,4.929
736,Israel,2015,21.3,72.99577,21.97179897,0,5.581
737,Israel,2016,21.2,74.20098,21.98086513,0,5.04
738,Israel,2017,21.1,74.34011,22.14042092,0,4.604
739,Israel,2018,20.8,74.98013,22.44007838,0,4.44
740,Israel,2019,20.1,76.67572,22.19180814,0,4.197
741,Israel,2020,19.2,76.67572,23.31821142,0,4.752
742,Israel,2021,19.7,76.67572,22.12724926,0,5.5
743,Israel,2022,19,76.67572,20.89307071,0,4.204
744,Israel,2023,19,76.67572,22.2480354,0,3.751
745,Italy,2015,8,71.68638,19.01931349,0,11.388
746,Italy,2016,7.8,71.82565,18.92534428,0,11.078
747,Italy,2017,7.6,73.19206,18.74481583,0,10.466
748,Italy,2018,7.3,73.04291,18.81339072,0,10.115
749,Italy,2019,7,72.85055,18.5421072,0,9.437
750,Italy,2020,6.8,72.85055,20.56805703,0,8.736
751,Italy,2021,6.8,72.85055,19.19460405,0,9.203
752,Italy,2022,6.7,72.85055,18.79883222,0,7.753
753,Italy,2023,6.7,72.85055,17.78636048,0,7.396
754,Jamaica,2015,14.123,66.18983,13.81600155,0,0
755,Jamaica,2016,13.47,67.31221,13.83994662,0,11.992
756,Jamaica,2017,12.748,67.72419,13.38277859,0,9.788
757,Jamaica,2018,12.22,68.2738,13.4379512,0,7.405
758,Jamaica,2019,11.994,69.67997,13.58214167,0,6.713
759,Jamaica,2020,11.813,69.67997,13.58214167,0,6.377
760,Jamaica,2021,11.712,69.67997,13.58214167,0,6.808
761,Jamaica,2022,11.531,69.67997,13.58214167,0,5.476
762,Jamaica,2023,11.531,69.67997,13.58214167,0,4.038
763,Japan,2015,8,77.52941,19.61774414,0,4.02
764,Japan,2016,7.8,77.9374,19.6572481,0,3.7
765,Japan,2017,7.6,78.01404,19.41179555,0,3.39
766,Japan,2018,7.4,78.04159,19.56367433,0,3.1
767,Japan,2019,7,77.99983,19.94510592,0,2.87
768,Japan,2020,6.8,77.99983,20.96937394,0,3.21
769,Japan,2021,6.6,77.99983,21.26487183,0,3.21
770,Japan,2022,6.3,77.99983,21.5970196,0,3.21
771,Japan,2023,6.3,77.99983,21.5970196,0,3.21
772,Jordan,2015,24.441,56.73912,17.82326069,0,0
773,Jordan,2016,23.708,57.0245,17.25056419,21.381,0
774,Jordan,2017,23.377,59.92558,16.94537194,21.381,13.981
775,Jordan,2018,22.999,61.28281,16.74389605,19.05165,11.849
776,Jordan,2019,22.6,68.97453,16.37173776,19.05165,8.096
777,Jordan,2020,22.265,68.97453,16.54995644,16.72229,10.605
778,Jordan,2021,21.95,68.97453,15.8410812,16.72229,11.773
779,Jordan,2022,21.616,68.97453,15.8410812,16.72229,10.979
780,Jordan,2023,21.616,68.97453,15.8410812,16.72229,9.058
781,Kazakhstan,2015,22.71,70.91902,11.63272615,0,0
782,Kazakhstan,2016,22.52,74.84879,11.63085341,2.18578,0
783,Kazakhstan,2017,21.64,76.87746,10.53594178,2.18578,5.3
784,Kazakhstan,2018,21.77,78.04085,8.321200707,0.79376,5.3
785,Kazakhstan,2019,21.73,79.55915,9.132161576,0.79376,5.3
786,Kazakhstan,2020,22.76,79.55915,12.74204401,0.79376,5.3
787,Kazakhstan,2021,23.5,79.55915,11.27034704,0.79376,5.3
788,Kazakhstan,2022,20.57,79.55915,10.49926979,0.79376,5.3
789,Kazakhstan,2023,20.57,79.55915,11.11261577,0.79376,5.3
790,Kenya,2015,30.957,58.00993,12.72668008,0,0
791,Kenya,2016,30.401,62.79134,12.60976863,50.81331,4.173
792,Kenya,2017,29.755,65.40809,12.33507902,50.81331,4.173
793,Kenya,2018,29.18,70.97866,12.3486894,50.81331,4.173
794,Kenya,2019,28.46,73.21648,12.17079729,50.81331,8.137
795,Kenya,2020,27.998,73.21648,12.47765997,50.81331,8.137
796,Kenya,2021,27.685,73.21648,12.1468578,50.81331,7.981
797,Kenya,2022,27.54,73.21648,12.2133041,50.81331,7.981
798,Kenya,2023,27.54,73.21648,11.91511758,50.81331,7.981
799,Kiribati,2016,28.86,46.74575,59.35262929,0,9.844
800,Kiribati,2023,26.723,46.93884,61.52542461,0,14.164
801,"Korea, Dem. People's Rep.",2015,13.536,0,0,0,0
802,"Korea, Dem. People's Rep.",2016,13.525,0,0,0,0
803,"Korea, Dem. People's Rep.",2017,13.514,0,0,0,0
804,"Korea, Dem. People's Rep.",2018,13.488,0,0,0,0
805,"Korea, Dem. People's Rep.",2019,13.487,0,0,0,0
806,"Korea, Dem. People's Rep.",2020,13.333,0,0,0,0
807,"Korea, Dem. People's Rep.",2021,13.24,0,0,0,0
808,"Korea, Dem. People's Rep.",2022,13.058,0,0,0,0
809,"Korea, Dem. People's Rep.",2023,13.058,0,0,0,0
810,"Korea, Rep.",2015,8.6,83.08952,15.08352973,0,3.299
811,"Korea, Rep.",2016,7.9,83.96555,15.24002234,0,3.356
812,"Korea, Rep.",2017,7,83.96525,15.41897247,0,3.117
813,"Korea, Rep.",2018,6.4,83.96046,16.05172731,0,3.731
814,"Korea, Rep.",2019,5.9,84.00083,17.07786565,0,3.624
815,"Korea, Rep.",2020,5.3,84.00083,18.03934527,0,3.952
816,"Korea, Rep.",2021,5.1,84.00083,18.15980062,0,3.574
817,"Korea, Rep.",2022,4.9,84.00083,18.7672078,0,2.796
818,"Korea, Rep.",2023,4.9,84.00083,18.89855761,0,2.49
819,Kosovo,2015,13.614,63.02811,13.60809725,0,33.667
820,Kosovo,2016,12.848,64.90617,12.08481448,0,29.556
821,Kosovo,2017,12.615,70.51486,11.82295606,0,31.218
822,Kosovo,2018,12.094,71.04522,12.1025925,0,28.924
823,Kosovo,2019,11.443,73.18473,12.48543828,0,24.568
824,Kosovo,2020,11.181,73.18473,13.91317741,0,25.827
825,Kosovo,2021,11.143,73.18473,12.87233087,0,20.677
826,Kosovo,2022,11.068,73.18473,11.79172877,0,11.222
827,Kosovo,2023,11.068,73.18473,12.59933428,0,11.222
828,Kuwait,2015,16.892,60.65525,24.19181056,0,0
829,Kuwait,2016,14.8,59.96924,25.70546373,0,6.08
830,Kuwait,2017,14.386,61.78943,24.42126992,0,6.08
831,Kuwait,2018,13.443,62.56073,22.98055676,0,6.08
832,Kuwait,2019,12.437,67.40473,24.40265002,0,6.08
833,Kuwait,2020,11.797,67.40473,30.17793821,0,6.08
834,Kuwait,2021,10.41,67.40473,25.37266915,0,6.08
835,Kuwait,2022,9.727,67.40473,20.70004928,0,6.08
836,Kuwait,2023,9.727,67.40473,20.70004928,0,6.08
837,Kyrgyz Republic,2015,27.4,61.2702,17.7553733,0,7.33
838,Kyrgyz Republic,2016,26,61.31719,17.43415086,11.38314,7.27
839,Kyrgyz Republic,2017,24.8,62.35959,17.13017203,11.38314,6.86
840,Kyrgyz Republic,2018,27.1,65.41049,17.16970011,6.91123,6.2
841,Kyrgyz Republic,2019,26.9,67.82089,15.70098065,6.91123,6.2
842,Kyrgyz Republic,2020,24,67.82089,18.37228301,2.43932,6.2
843,Kyrgyz Republic,2021,22.4,67.82089,16.63294179,2.43932,6.2
844,Kyrgyz Republic,2022,21.5,67.82089,16.78566803,2.43932,6.2
845,Kyrgyz Republic,2023,21.5,67.82089,16.3621854,2.43932,6.2
846,Lao PDR,2015,24.445,48.20686,15.10665451,0,0
847,Lao PDR,2016,24.131,49.05728,13.97094291,27,0
848,Lao PDR,2017,23.715,49.98578,13.97094291,27,3.232
849,Lao PDR,2018,23.238,49.77807,13.97094291,23.6,3.232
850,Lao PDR,2019,22.786,50.82456,13.97094291,23.6,3.232
851,Lao PDR,2020,22.449,50.82456,13.97094291,21.8,3.232
852,Lao PDR,2021,21.973,50.82456,13.97094291,21.8,3.232
853,Lao PDR,2022,21.46,50.82456,13.97094291,21.8,1.963
854,Lao PDR,2023,21.46,50.82456,13.97094291,21.8,1.963
855,Latvia,2015,11.1,79.13397,18.70956365,0,10.838
856,Latvia,2016,11.2,80.59931,18.4763444,0,11.304
857,Latvia,2017,10.7,79.99279,18.67031595,0,10.294
858,Latvia,2018,10,80.31973,18.5352676,0,8.318
859,Latvia,2019,9.8,80.28054,19.80890115,0,6.848
860,Latvia,2020,9.2,80.28054,20.88969332,0,9.797
861,Latvia,2021,9.2,80.28054,21.72997618,0,8.826
862,Latvia,2022,8.5,80.28054,20.48463458,0,8.096
863,Latvia,2023,8.5,80.28054,20.36521969,0,7.871
864,Lebanon,2015,17.764,54.71496,12.53174443,0,0
865,Lebanon,2016,17.395,54.46561,12.98414909,4.5,0
866,Lebanon,2017,16.904,54.35106,13.20871798,4.5,0
867,Lebanon,2018,16.311,54.42282,15.336853,4.5,0
868,Lebanon,2019,15.822,54.3316,15.62978348,4.5,12.329
869,Lebanon,2020,15.332,54.3316,9.139754887,4.5,12.329
870,Lebanon,2021,14.948,54.3316,2.360136821,4.5,12.329
871,Lebanon,2022,14.576,54.3316,3.625325085,4.5,12.329
872,Lebanon,2023,14.576,54.3316,3.625325085,4.5,12.329
873,Lesotho,2015,28.305,55.18767,36.94396123,0,0
874,Lesotho,2016,28.157,58.01146,39.62419307,33.81409,0
875,Lesotho,2017,27.723,58.56005,39.68057009,33.81409,0
876,Lesotho,2018,27.262,58.68291,38.06299604,29.68363,0
877,Lesotho,2019,26.839,59.4294,37.69257127,29.68363,8.658
878,Lesotho,2020,26.378,59.4294,37.13529421,25.55318,8.658
879,Lesotho,2021,26.107,59.4294,34.68825657,25.55318,8.658
880,Lesotho,2022,25.778,59.4294,35.21209872,25.55318,8.658
881,Lesotho,2023,25.778,59.4294,35.58404802,25.55318,8.658
882,Liberia,2015,34.215,39.95919,0,0,0
883,Liberia,2016,33.713,39.98301,0,65.66997,8.503
884,Liberia,2017,33.151,43.58222,0,65.66997,11.173
885,Liberia,2018,32.706,43.54307,0,63.88484,11.173
886,Liberia,2019,32.181,43.22747,0,63.88484,11.173
887,Liberia,2020,31.708,43.22747,0,63.88484,11.173
888,Liberia,2021,31.287,43.22747,0,63.88484,11.173
889,Liberia,2022,30.996,43.22747,0,63.88484,11.173
890,Liberia,2023,30.996,43.22747,0,63.88484,11.173
891,Libya,2015,21.214,32.61441,50.83646534,0,0
892,Libya,2016,20.576,32.47692,48.41951,0,0
893,Libya,2017,19.898,32.50611,40.26669402,0,0
894,Libya,2018,19.282,32.73696,35.33794002,0,0
895,Libya,2019,18.732,32.68552,43.61446156,0,0
896,Libya,2020,18.302,32.68552,48.33781603,0,0
897,Libya,2021,17.828,32.68552,34.63447157,0,0
898,Libya,2022,17.298,32.68552,30.8000884,0,0
899,Libya,2023,17.298,32.68552,35.28362913,0,0
900,Liechtenstein,2021,9.6,64.84421,0,0,0
901,Liechtenstein,2022,9.2,64.84421,0,0,0
902,Liechtenstein,2023,9.2,64.84421,0,0,0
903,Lithuania,2015,10.8,78.99313,17.16899149,0,11.67
904,Lithuania,2016,10.7,79.21677,17.02918464,0,10.377
905,Lithuania,2017,10.1,80.63462,16.29936413,0,9.314
906,Lithuania,2018,10,80.95864,16.21781687,0,7.994
907,Lithuania,2019,9.8,81.61948,16.79594806,0,8.298
908,Lithuania,2020,9,81.61948,18.36054542,0,11.364
909,Lithuania,2021,8.3,81.61948,17.49749496,0,9.287
910,Lithuania,2022,7.8,81.61948,16.74404612,0,7.58
911,Lithuania,2023,7.8,81.61948,17.27548345,0,8.93
912,Luxembourg,2015,10.7,69.15342,15.96816419,0,6.286
913,Luxembourg,2016,10.4,69.1733,15.6742178,0,7.69
914,Luxembourg,2017,10.4,69.58844,16.21936089,0,5.032
915,Luxembourg,2018,10.3,69.58703,16.80366668,0,5.277
916,Luxembourg,2019,10,69.6031,17.23898833,0,6.196
917,Luxembourg,2020,10.2,69.6031,18.47245626,0,6.327
918,Luxembourg,2021,10.5,69.6031,17.47194547,0,5.79
919,Luxembourg,2022,9.9,69.6031,17.63871326,0,4.067
920,Luxembourg,2023,9.9,69.6031,18.98974124,0,5.422
921,"Macao SAR, China",2015,11.634,0,9.668953707,0,1.82
922,"Macao SAR, China",2016,11.423,0,10.39895211,0,1.82
923,"Macao SAR, China",2017,10.877,0,9.730427493,0,1.82
924,"Macao SAR, China",2018,10.621,0,9.43781185,0,1.82
925,"Macao SAR, China",2019,10.295,0,10.20538084,0,1.82
926,"Macao SAR, China",2020,10.128,0,25.86246919,0,1.82
927,"Macao SAR, China",2021,10.114,0,21.15389269,0,1.82
928,"Macao SAR, China",2022,10.044,0,27.39568402,0,1.82
929,"Macao SAR, China",2023,10.044,0,13.77231079,0,1.82
930,Madagascar,2015,32.765,41.89608,15.1403202,0,4.933
931,Madagascar,2016,32.759,42.74769,14.7612913,72.22321,4.933
932,Madagascar,2017,32.477,46.38142,16.12256698,72.22321,4.933
933,Madagascar,2018,32.088,47.04235,13.60330525,69.82165,4.933
934,Madagascar,2019,31.701,47.72865,15.10611913,69.82165,4.933
935,Madagascar,2020,31.343,47.72865,18.72397125,67.42009,4.933
936,Madagascar,2021,30.949,47.72865,17.21371084,67.42009,4.933
937,Madagascar,2022,30.595,47.72865,22.49591601,67.42009,4.933
938,Madagascar,2023,30.595,47.72865,22.31937094,67.42009,4.933
939,Malawi,2015,35.767,49.70961,0,0,0
940,Malawi,2016,34.824,53.22437,0,53.29854,0
941,Malawi,2017,34.343,59.52076,0,53.29854,5.722
942,Malawi,2018,33.925,60.362,0,49.78452,5.722
943,Malawi,2019,33.598,60.9371,0,49.78452,5.722
944,Malawi,2020,33.233,60.9371,0,49.78452,2.698
945,Malawi,2021,32.859,60.9371,0,49.78452,2.698
946,Malawi,2022,32.611,60.9371,0,49.78452,2.698
947,Malawi,2023,32.611,60.9371,0,49.78452,2.698
948,Malaysia,2015,17.101,78.60753,13.0865608,0,3.72
949,Malaysia,2016,16.685,78.27291,12.5648978,0,4.1
950,Malaysia,2017,16.355,78.77204,12.19259187,0,4.1
951,Malaysia,2018,15.978,81.33541,11.9694463,0,3.57
952,Malaysia,2019,15.58,81.47337,11.65310018,0,3.53
953,Malaysia,2020,15.417,81.47337,12.96227361,0,4.62
954,Malaysia,2021,15.24,81.47337,12.63688126,0,4.58
955,Malaysia,2022,15.016,81.47337,11.58770183,0,4.08
956,Malaysia,2023,15.016,81.47337,11.94926963,0,4.08
957,Maldives,2015,17.465,52.4375,18.08208865,0,0
958,Maldives,2016,16.794,52.38841,17.66419296,36.5175,5.89
959,Maldives,2017,16.126,53.20063,14.53567761,36.5175,5.89
960,Maldives,2018,15.531,53.2984,14.48073461,35.4025,5.89
961,Maldives,2019,15.001,53.27453,16.57701313,35.4025,4.776
962,Maldives,2020,14.576,53.27453,22.97072278,34.845,4.776
963,Maldives,2021,14.088,53.27453,18.68310876,34.845,4.776
964,Maldives,2022,13.638,53.27453,17.22105485,34.845,4.776
965,Maldives,2023,13.638,53.27453,17.11901698,34.845,4.776
966,Mali,2015,44.342,50.27763,16.37155075,0,12.583
967,Mali,2016,43.818,52.61403,16.24060159,50.31832,13.212
968,Mali,2017,43.378,52.87624,16.18425042,50.31832,17.238
969,Mali,2018,42.901,53.12964,15.87721984,46.12357,10.845
970,Mali,2019,42.376,52.94472,15.74310975,46.12357,8.682
971,Mali,2020,41.995,52.94472,15.80542425,41.92883,14.462
972,Mali,2021,41.643,52.94472,16.24877359,41.92883,14.462
973,Mali,2022,41.217,52.94472,17.11924476,41.92883,7.992
974,Mali,2023,41.217,52.94472,17.50931466,41.92883,7.992
975,Malta,2015,9.7,62.28109,16.93112258,0,3.814
976,Malta,2016,9.8,64.77862,16.94165678,0,3.869
977,Malta,2017,9.2,65.21409,15.82357396,0,3.47
978,Malta,2018,9.2,65.4975,16.02797443,0,3.505
979,Malta,2019,8.6,66.13941,16.8903191,0,3.713
980,Malta,2020,8.6,66.13941,19.71494314,0,4.225
981,Malta,2021,8.5,66.13941,18.33201195,0,3.812
982,Malta,2022,8.1,66.13941,17.40190275,0,3.416
983,Malta,2023,8.1,66.13941,16.57012332,0,2.834
984,Marshall Islands,2018,21.514,50.93322,59.94045455,0,0
985,Mauritania,2015,35.18,43.75791,14.61777659,0,0
986,Mauritania,2016,34.832,46.88194,13.44048871,57.68042,0
987,Mauritania,2017,34.425,48.44839,13.38125583,57.68042,10.003
988,Mauritania,2018,34.183,49.37674,12.9844028,56,10.003
989,Mauritania,2019,33.723,51.06288,13.29547357,56,13.986
990,Mauritania,2020,33.427,51.06288,12.29648726,56,13.986
991,Mauritania,2021,33.194,51.06288,14.96953957,56,13.986
992,Mauritania,2022,32.953,51.06288,16.8008362,56,13.986
993,Mauritania,2023,32.953,51.06288,17.17237156,56,13.986
994,Mauritius,2015,10.1,76.02546,14.18980558,0,8.678
995,Mauritius,2016,10.4,76.48622,14.88271302,0,7.994
996,Mauritius,2017,10.7,78.89594,14.45075826,0,8.653
997,Mauritius,2018,10.2,80.33655,14.56243113,0,8.232
998,Mauritius,2019,10.2,81.46811,14.74962313,0,7.827
999,Mauritius,2020,10.6,81.46811,17.5684045,0,9.821
1000,Mauritius,2021,10.3,81.46811,17.23220421,0,7.497
1001,Mauritius,2022,9.6,81.46811,15.95534967,0,6.385
1002,Mauritius,2023,9.6,81.46811,13.84471963,0,5.525
1003,Mexico,2015,17.968,71.64492,11.90124613,0,5.346
1004,Mexico,2016,17.42,72.37307,11.57368049,18.44263,4.801
1005,Mexico,2017,16.947,72.53669,11.21566755,18.44263,4.181
1006,Mexico,2018,16.465,72.3064,11.25629677,17.6,3.995
1007,Mexico,2019,15.71,72.35556,11.1079031,17.6,4.094
1008,Mexico,2020,15.565,72.35556,12.19683028,17.6,5.27
1009,Mexico,2021,14.857,72.35556,11.40473355,17.6,5.048
1010,Mexico,2022,14.636,72.35556,11.09237877,17.6,4.021
1011,Mexico,2023,14.636,72.35556,11.13722504,17.6,3.342
1012,Moldova,2015,14.899,71.39344,13.69943471,0,1.571
1013,Moldova,2016,14.761,72.5204,14.37699286,6.5,1.509
1014,Moldova,2017,13.805,72.72602,14.75557079,6.5,1.653
1015,Moldova,2018,13.443,73.12546,14.28116232,6.5,1.175
1016,Moldova,2019,12.894,74.39091,15.21102073,6.5,1.457
1017,Moldova,2020,12.481,74.39091,17.19420443,6.5,1.246
1018,Moldova,2021,12.432,74.39091,16.76227392,6.5,0.809
1019,Moldova,2022,12.148,74.39091,17.542723,6.5,0.885
1020,Moldova,2023,12.148,74.39091,18.05501171,6.5,1.546
1021,Monaco,2015,8.1,0,0,0,0
1022,Monaco,2016,7.8,0,0,0,6.46
1023,Monaco,2017,7.8,0,0,0,6.46
1024,Monaco,2019,5.9,0,0,0,6.46
1025,Monaco,2020,5.9,0,0,0,6.46
1026,Monaco,2021,5.9,0,0,0,6.46
1027,Monaco,2023,5.9,0,0,0,6.46
1028,Mongolia,2015,26.352,65.29449,14.87177395,0,5.012
1029,Mongolia,2016,25.365,66.1351,15.95529534,25.82377,8.347
1030,Mongolia,2017,24.222,67.40642,13.92886635,25.82377,7.14
1031,Mongolia,2018,23.836,67.67673,12.69298481,21.85123,6.204
1032,Mongolia,2019,23.292,67.77262,13.10796486,21.85123,11.595
1033,Mongolia,2020,22.405,67.77262,15.81024341,17.87869,8.3
1034,Mongolia,2021,21.413,67.77262,14.91273652,17.87869,9.221
1035,Mongolia,2022,20.447,67.77262,13.91869838,17.87869,6.597
1036,Mongolia,2023,20.447,67.77262,13.00638528,17.87869,6.564
1037,Montenegro,2015,11.9,70.60633,19.19588717,0,19.257
1038,Montenegro,2016,12.2,71.22233,19.61172532,11.2,19.523
1039,Montenegro,2017,11.9,73.84108,18.42626732,11.2,17.515
1040,Montenegro,2018,11.7,73.70804,18.50445945,10,16.633
1041,Montenegro,2019,11.6,73.81891,17.79790685,10,15.372
1042,Montenegro,2020,11.4,73.81891,22.60169684,8.8,18.05
1043,Montenegro,2021,11.4,73.81891,19.70936705,8.8,18.05
1044,Montenegro,2022,11.4,73.81891,17.85583703,8.8,18.05
1045,Montenegro,2023,11.4,73.81891,17.90380427,8.8,18.05
1046,Morocco,2015,20.307,67.39799,18.15643728,0,0
1047,Morocco,2016,19.483,69.23623,18.36172571,10.85088,0
1048,Morocco,2017,19.298,69.21146,17.98197398,10.85088,0
1049,Morocco,2018,18.813,71.67294,17.99576151,10.85088,0
1050,Morocco,2019,18.337,73.38133,18.17893657,10.85088,0
1051,Morocco,2020,17.889,73.38133,19.40498596,10.85088,0
1052,Morocco,2021,17.545,73.38133,18.97383835,10.85088,25.96
1053,Morocco,2022,17.161,73.38133,19.0589963,10.85088,24.96
1054,Morocco,2023,17.161,73.38133,18.10623238,10.85088,24.96
1055,Mozambique,2015,38.797,52.81247,25.51470977,0,16.43
1056,Mozambique,2016,38.437,52.06337,26.07446144,61.98622,16.43
1057,Mozambique,2017,38.127,52.78803,24.56476545,61.98622,16.43
1058,Mozambique,2018,37.753,54.56326,21.72714089,58.47257,16.43
1059,Mozambique,2019,37.345,54.9955,22.57519692,58.47257,16.43
1060,Mozambique,2020,36.974,54.9955,20.6358423,54.95891,16.43
1061,Mozambique,2021,36.598,54.9955,18.7299196,54.95891,16.43
1062,Mozambique,2022,36.121,54.9955,16.4981779,54.95891,24.241
1063,Mozambique,2023,36.121,54.9955,17.18458553,54.95891,24.241
1064,Myanmar,2015,18.402,42.12121,0,0,2.541
1065,Myanmar,2016,18.33,42.67139,0,55.07197,2.541
1066,Myanmar,2017,18.129,42.97482,0,55.07197,2.846
1067,Myanmar,2018,17.869,43.4838,0,58.28105,1.784
1068,Myanmar,2019,17.663,46.82775,0,58.28105,0.119
1069,Myanmar,2020,17.363,46.82775,0,58.28105,0.438
1070,Myanmar,2021,17.103,46.82775,0,58.28105,0.438
1071,Myanmar,2022,16.833,46.82775,0,58.28105,0.438
1072,Myanmar,2023,16.833,46.82775,0,58.28105,0.438
1073,Nauru,2022,26.785,0,0,0,4.582
1074,Nepal,2015,22.05,59.70833,8.811996996,0,0
1075,Nepal,2016,21.764,58.02771,7.926018483,43.17421,0
1076,Nepal,2017,21.376,59.98159,8.518538323,43.17421,14.464
1077,Nepal,2018,21.026,59.65408,8.061536277,40.2822,14.464
1078,Nepal,2019,20.868,63.1866,8.117095211,40.2822,14.464
1079,Nepal,2020,20.64,63.1866,9.067732071,40.2822,14.464
1080,Nepal,2021,20.402,63.1866,8.25401087,40.2822,14.464
1081,Nepal,2022,20.165,63.1866,8.412561307,40.2822,14.464
1082,Nepal,2023,20.165,63.1866,6.647729214,40.2822,14.464
1083,Netherlands,2015,10.1,75.5221,24.65105303,0,7.207
1084,Netherlands,2016,10.1,75.57281,24.27771028,0,5.977
1085,Netherlands,2017,9.9,76.08463,23.90469075,0,4.724
1086,Netherlands,2018,9.8,76.09693,23.95750902,0,3.559
1087,Netherlands,2019,9.8,76.10376,24.11930096,0,3.147
1088,Netherlands,2020,9.7,76.10376,25.41927803,0,3.792
1089,Netherlands,2021,10.2,76.10376,25.15158993,0,3.937
1090,Netherlands,2022,9.5,76.10376,24.19955324,0,3.348
1091,Netherlands,2023,9.5,76.10376,24.503114,0,3.216
1092,New Caledonia,2021,14.5,0,23.51398177,0,0
1093,New Caledonia,2023,14.1,0,23.51398177,0,11.889
1094,New Zealand,2015,13.23,87.13471,18.4943441,0,5.84
1095,New Zealand,2016,12.6,87.16633,18.14252074,0,5.51
1096,New Zealand,2017,12.38,87.02213,17.91974519,0,5.19
1097,New Zealand,2018,11.84,87.00452,18.23348238,0,4.64
1098,New Zealand,2019,11.96,86.76465,18.86620754,0,4.5
1099,New Zealand,2020,11.32,86.76465,20.46909681,0,4.93
1100,New Zealand,2021,11.48,86.76465,21.0983207,0,4.93
1101,New Zealand,2022,11.49,86.76465,21.10940937,0,4.93
1102,New Zealand,2023,11.49,86.76465,21.10940937,0,4.93
1103,Nicaragua,2015,22.797,54.11838,14.05234867,0,0
1104,Nicaragua,2016,22.459,54.24718,14.46112013,0,0
1105,Nicaragua,2017,22.09,54.17112,14.41054359,0,0
1106,Nicaragua,2018,21.704,54.53967,14.80262197,0,0
1107,Nicaragua,2019,21.305,54.38673,15.21323589,0,0
1108,Nicaragua,2020,20.903,54.38673,15.17409394,0,0
1109,Nicaragua,2021,20.507,54.38673,15.39397058,0,0
1110,Nicaragua,2022,20.018,54.38673,13.73454619,0,0
1111,Nicaragua,2023,20.018,54.38673,12.16373873,0,0
1112,Niger,2015,46.558,46.32429,16.49756097,0,0
1113,Niger,2016,46.52,49.32578,15.26999765,70.44397,0
1114,Niger,2017,46.351,51.17303,15.46192533,70.44397,7.829
1115,Niger,2018,46.127,52.3119,15.17489249,70.44397,7.829
1116,Niger,2019,45.859,56.75932,15.65510489,70.44397,4.537
1117,Niger,2020,45.588,56.75932,15.76215496,70.44397,4.537
1118,Niger,2021,45.293,56.75932,17.33853208,70.44397,4.537
1119,Niger,2022,45.029,56.75932,17.33853208,70.44397,4.957
1120,Niger,2023,45.029,56.75932,17.33853208,70.44397,4.957
1121,Nigeria,2015,39.51,48.37466,0,0,0
1122,Nigeria,2016,39.128,48.47451,0,54.00711,13.478
1123,Nigeria,2017,38.689,52.02699,0,54.00711,13.478
1124,Nigeria,2018,38.248,53.40471,0,51.49458,13.478
1125,Nigeria,2019,37.849,56.87589,0,51.49458,14.089
1126,Nigeria,2020,37.467,56.87589,0,48.98206,14.089
1127,Nigeria,2021,37.117,56.87589,0,48.98206,14.089
1128,Nigeria,2022,36.611,56.87589,0,48.98206,4.343
1129,Nigeria,2023,36.611,56.87589,0,48.98206,3.286
1130,North Macedonia,2015,11.1,77.91775,16.97635226,0,26.915
1131,North Macedonia,2016,11.09872665,80.5866,15.43002211,0,24.206
1132,North Macedonia,2017,10.5,80.33318,14.92074175,0,22.891
1133,North Macedonia,2018,10.3,80.65175,14.28372559,0,21.433
1134,North Macedonia,2019,9.6,80.74807,13.99745627,0,16.719
1135,North Macedonia,2020,9.2,80.74807,16.73873416,0,16.293
1136,North Macedonia,2021,10.2,80.74807,15.83066578,0,15.661
1137,North Macedonia,2022,9.9,80.74807,15.02210557,0,15.062
1138,North Macedonia,2023,9.9,80.74807,14.92435061,0,13.433
1139,Northern Mariana Islands,2021,13.2,0,0,0,0
1140,Norway,2015,11.3,81.83183,23.09785083,0,3.843
1141,Norway,2016,11.3,82.35614,24.21882296,0,3.81
1142,Norway,2017,10.7,82.65956,23.80576226,0,3.909
1143,Norway,2018,10.4,82.91579,23.11293942,0,3.347
1144,Norway,2019,10.2,82.62729,24.10350807,0,3.283
1145,Norway,2020,9.8,82.62729,26.13405747,0,4.465
1146,Norway,2021,10.4,82.62729,22.44934066,0,3.37
1147,Norway,2022,9.4,82.62729,18.174833,0,2.518
1148,Norway,2023,9.4,82.62729,21.94052472,0,2.528
1149,Oman,2015,21.316,66.34092,24.63827017,0,0
1150,Oman,2016,20.803,68.05891,26.12490047,0,4.03
1151,Oman,2017,20.282,68.57321,24.52829582,0,4.03
1152,Oman,2018,19.816,68.84249,21.55866303,0,4.03
1153,Oman,2019,19.298,69.98474,23.10850163,0,4.03
1154,Oman,2020,18.791,69.98474,26.06587819,0,4.03
1155,Oman,2021,18.419,69.98474,22.14200619,0,3.18
1156,Oman,2022,17.706,69.98474,17.89468059,0,3.18
1157,Oman,2023,17.706,69.98474,17.89468059,0,3.18
1158,Pakistan,2015,29.699,50.36994,9.78896258,0,6.124
1159,Pakistan,2016,29.306,52.474,10.60895585,59.0233,3.504
1160,Pakistan,2017,28.963,53.01708,10.75374079,59.0233,3.504
1161,Pakistan,2018,28.594,55.45628,10.99362564,57.49851,5.609
1162,Pakistan,2019,28.276,60.95491,10.74975317,57.49851,6.699
1163,Pakistan,2020,27.967,60.95491,11.78880055,55.97371,6.699
1164,Pakistan,2021,27.519,60.95491,10.92956768,55.97371,9.665
1165,Pakistan,2022,27.233,60.95491,10.49188522,55.97371,9.665
1166,Pakistan,2023,27.233,60.95491,10.30674826,55.97371,9.665
1167,Palau,2018,14,53.66252,32.77564334,0,0
1168,Palau,2019,11.2,53.69982,33.77721225,0,0
1169,Palau,2022,8.8,53.69982,36.34192021,0,0.826
1170,Palau,2023,8.8,53.69982,36.34192021,0,0.826
1171,Panama,2015,20.111,64.72621,9.860272771,0,6.07
1172,Panama,2016,19.701,64.72195,10.51224804,16.3,6.463
1173,Panama,2017,19.317,66.46234,10.90105261,16.3,7.64
1174,Panama,2018,18.814,66.86797,10.97970477,16.3,7.366
1175,Panama,2019,18.228,66.56045,11.12484455,16.3,8.32
1176,Panama,2020,17.919,66.56045,14.73763025,16.3,23.906
1177,Panama,2021,17.692,66.56045,13.74370861,16.3,12.935
1178,Panama,2022,17.4,66.56045,12.79287898,16.3,11.259
1179,Panama,2023,17.4,66.56045,12.18781625,16.3,9.485
1180,Papua New Guinea,2015,28.178,55.96186,0,0,0
1181,Papua New Guinea,2016,27.703,59.33379,0,0,0
1182,Papua New Guinea,2017,27.216,59.39568,0,0,0
1183,Papua New Guinea,2018,26.834,59.37055,0,0,0
1184,Papua New Guinea,2021,25.514,59.77357,0,0,0
1185,Papua New Guinea,2022,25.112,59.77357,0,0,5.351
1186,Papua New Guinea,2023,25.112,59.77357,0,0,5.351
1187,Paraguay,2015,22.428,58.05094,11.80317505,0,6.127
1188,Paraguay,2016,22.263,57.97708,11.36299067,18.05,7.509
1189,Paraguay,2017,21.962,58.036,11.10767878,18.05,5.928
1190,Paraguay,2018,21.664,58.45116,11.5202343,15.05286,5.928
1191,Paraguay,2019,21.281,59.05401,11.94626871,15.05286,5.928
1192,Paraguay,2020,20.946,59.05401,12.64447284,15.1,5.928
1193,Paraguay,2021,20.627,59.05401,12.01363169,15.1,5.928
1194,Paraguay,2022,20.328,59.05401,11.85912696,15.1,5.928
1195,Paraguay,2023,20.328,59.05401,12.01834975,15.1,5.928
1196,Peru,2015,18.808,67.22451,12.96557338,0,4.284
1197,Peru,2016,18.5,67.5175,13.1636888,0,4.947
1198,Peru,2017,18.269,67.76048,13.2122752,0,4.815
1199,Peru,2018,18.092,68.27159,13.07744249,0,4.673
1200,Peru,2019,18.042,68.69658,13.24437259,0,4.372
1201,Peru,2020,17.833,68.69658,15.81810304,0,9.313
1202,Peru,2021,17.622,68.69658,13.74826385,0,6.372
1203,Peru,2022,17.376,68.69658,13.37195833,0,5.182
1204,Peru,2023,17.376,68.69658,13.67366698,0,5.888
1205,Philippines,2015,23.252,58.23012,10.91164166,0,10.28
1206,Philippines,2016,22.836,59.25872,11.2579676,38.7248,9.03
1207,Philippines,2017,22.664,59.33172,11.32336631,38.7248,3.154
1208,Philippines,2018,22.445,60.87374,12.04278365,37.3187,3.154
1209,Philippines,2019,22.254,62.82943,12.46775443,37.3187,3.154
1210,Philippines,2020,22.039,62.82943,15.26145459,36.61565,3.154
1211,Philippines,2021,21.813,62.82943,15.57919471,36.61565,6.275
1212,Philippines,2022,21.618,62.82943,15.04367422,36.61565,4.792
1213,Philippines,2023,21.618,62.82943,14.24917813,36.61565,4.792
1214,Poland,2015,9.7,76.93009,17.90503127,0,7.394
1215,Poland,2016,10.1,77.68044,17.8215503,0,5.929
1216,Poland,2017,10.6,77.85723,17.56684074,0,4.714
1217,Poland,2018,10.2,76.93317,17.46965315,0,3.784
1218,Poland,2019,9.9,76.38122,17.81830817,0,3.214
1219,Poland,2020,9.4,76.38122,18.83716216,0,3.125
1220,Poland,2021,8.8,76.38122,18.52315107,0,3.82
1221,Poland,2022,8.3,76.38122,18.11912863,0,3.302
1222,Poland,2023,8.3,76.38122,18.99321204,0,3.252
1223,Portugal,2015,8.3,76.36078,17.88256958,0,13.941
1224,Portugal,2016,8.4,76.66433,17.5981689,0,12.25
1225,Portugal,2017,8.4,76.50889,17.22324424,0,9.916
1226,Portugal,2018,8.5,76.44344,16.99257122,0,8.234
1227,Portugal,2019,8.4,76.46616,16.98814389,0,7.222
1228,Portugal,2020,8.2,76.46616,18.92242906,0,8.383
1229,Portugal,2021,7.7,76.46616,18.65580966,0,8.138
1230,Portugal,2022,8,76.46616,17.44722609,0,6.637
1231,Portugal,2023,8,76.46616,16.87684527,0,7.523
1232,Puerto Rico,2022,5.9,70.06962,7.024739537,0,0
1233,Qatar,2015,10.328,66.49467,20.22727947,0,0.24
1234,Qatar,2016,10.087,65.41549,19.5437309,0,0.19
1235,Qatar,2017,10.228,66.02767,17.61143004,0,0.18
1236,Qatar,2018,10.598,66.70677,16.28098884,0,0.18
1237,Qatar,2019,10.743,68.66573,18.46358929,0,0.12
1238,Qatar,2020,10.895,68.66573,21.95535214,0,0.2
1239,Qatar,2021,9.816,68.66573,16.64894479,0,0.19
1240,Qatar,2022,9.091,68.66573,12.87673821,0,0.19
1241,Qatar,2023,9.091,68.66573,12.87673821,0,0.19
1242,Romania,2015,10.2,72.72233,13.94139291,0,7.223
1243,Romania,2016,10.4,72.85135,15.30894098,0,6.222
1244,Romania,2017,10.8,73.04132,15.69755358,0,5.147
1245,Romania,2018,10.4,72.51292,16.78121935,0,4.34
1246,Romania,2019,10.3,73.3332,17.56188844,0,3.979
1247,Romania,2020,10.3,73.3332,18.90679146,0,5.104
1248,Romania,2021,10.1,73.3332,17.8253216,0,5.113
1249,Romania,2022,9.6,73.3332,16.73578754,0,5.206
1250,Romania,2023,9.6,73.3332,17.13875008,0,4.872
1251,Russian Federation,2015,13.3,74.09598,17.76538922,0,5.129
1252,Russian Federation,2016,12.9,75.25999,18.46591938,0,5.035
1253,Russian Federation,2017,11.5,76.54336,18.21680865,0,4.717
1254,Russian Federation,2018,10.9,77.40044,17.71037832,0,4.259
1255,Russian Federation,2019,10.1,78.16284,18.10136641,0,3.974
1256,Russian Federation,2020,9.8,78.16284,19.97100079,0,4.984
1257,Russian Federation,2021,9.6,78.16284,17.11891786,0,4.155
1258,Russian Federation,2022,8.9,78.16284,17.17706823,0,4.174
1259,Russian Federation,2023,8.9,78.16284,18.47308268,0,3.407
1260,Rwanda,2015,31.833,67.05448,13.84978799,0,0
1261,Rwanda,2016,31.659,68.97118,15.06789951,43.57101,0
1262,Rwanda,2017,31.399,71.07347,15.00748324,43.57101,21.783
1263,Rwanda,2018,31.158,75.37431,14.74766018,40.08982,20.618
1264,Rwanda,2019,30.776,76.48282,15.81655879,40.08982,20.471
1265,Rwanda,2020,30.309,76.48282,16.38345388,38.34923,20.025
1266,Rwanda,2021,29.976,76.48282,16.9578848,38.34923,23.288
1267,Rwanda,2022,29.474,76.48282,17.03281782,38.34923,26.538
1268,Rwanda,2023,29.474,76.48282,16.55205961,38.34923,19.222
1269,Samoa,2015,29.4,60.21082,15.19436205,0,0
1270,San Marino,2017,6.7,61.8841,19.86710885,0,8.33
1271,San Marino,2020,6.4,64.19133,21.61980928,0,8.33
1272,San Marino,2021,6.2,64.19133,18.4723389,0,8.33
1273,Sao Tome and Principe,2022,27.974,44.9711,0,52.6,7.191
1274,Sao Tome and Principe,2023,27.974,44.9711,0,52.6,7.191
1275,Saudi Arabia,2015,19.524,59.16318,29.32163504,0,0
1276,Saudi Arabia,2016,18.972,59.44422,25.01029029,0,0
1277,Saudi Arabia,2017,18.903,62.08336,23.53315456,0,7.019
1278,Saudi Arabia,2018,18.703,63.84761,23.60057946,0,6.698
1279,Saudi Arabia,2019,18.451,70.87175,23.40408279,0,6.059
1280,Saudi Arabia,2020,18.238,70.87175,27.95820763,0,8.077
1281,Saudi Arabia,2021,17.473,70.87175,23.80438579,0,7.107
1282,Saudi Arabia,2022,16.919,70.87175,20.82961784,0,5.482
1283,Saudi Arabia,2023,16.919,70.87175,23.33098369,0,4.532
1284,Senegal,2015,35.357,49.55865,14.29927726,0,11.197
1285,Senegal,2016,34.673,50.27484,14.03128101,38.71484,9.597
1286,Senegal,2017,34.224,54.01704,13.63397157,38.71484,10.647
1287,Senegal,2018,33.955,54.37982,13.78463079,35.15984,10.647
1288,Senegal,2019,33.47,59.275,14.00764797,35.15984,5.929
1289,Senegal,2020,33.034,59.275,14.28023956,31.60484,5.929
1290,Senegal,2021,32.573,59.275,15.16247269,31.60484,5.929
1291,Senegal,2022,32.067,59.275,14.90575936,31.60484,6.398
1292,Senegal,2023,32.067,59.275,13.77278862,31.60484,6.398
1293,Serbia,2015,9.3,69.96245,18.25775335,0,19.419
1294,Serbia,2016,9.2,73.27635,17.48769633,0,16.687
1295,Serbia,2017,9.2,73.75306,17.51313156,0,14.736
1296,Serbia,2018,9.2,73.92341,17.99564137,0,13.709
1297,Serbia,2019,9.3,75.65345,18.36521441,0,11.234
1298,Serbia,2020,8.9,75.65345,19.38370211,0,9.576
1299,Serbia,2021,9.1,75.65345,18.76484027,0,10.522
1300,Serbia,2022,9.3,75.65345,18.35613763,0,9.398
1301,Serbia,2023,9.3,75.65345,17.12705968,0,8.883
1302,Seychelles,2015,17,58.95821,22.29028621,0,4.768
1303,Seychelles,2016,17.4,60.50169,22.36441103,0,5.143
1304,Seychelles,2017,17.2,61.51062,21.5958432,0,4.385
1305,Seychelles,2018,17.1,61.50211,22.88954083,0,4.748
1306,Seychelles,2019,16.4,61.70497,22.18413442,0,4.284
1307,Seychelles,2020,15.8,61.70497,26.37676446,0,4.569
1308,Seychelles,2021,16.8,61.70497,25.84512336,0,4.569
1309,Seychelles,2022,13.1,61.70497,19.59030432,0,4.569
1310,Seychelles,2023,13.1,61.70497,21.33845467,0,3.233
1311,Sierra Leone,2015,34.558,46.8995,6.498274107,0,0
1312,Sierra Leone,2016,34.011,47.21918,7.564053509,56.12183,0
1313,Sierra Leone,2017,33.568,47.08868,6.689820928,56.12183,0
1314,Sierra Leone,2018,33.099,47.24268,6.513142167,53.38422,5.325
1315,Sierra Leone,2019,32.549,47.45831,7.02931052,53.38422,5.325
1316,Sierra Leone,2020,31.914,47.45831,7.756376033,50.64661,5.325
1317,Sierra Leone,2021,31.36,47.45831,8.073652314,50.64661,5.325
1318,Sierra Leone,2022,30.788,47.45831,6.685699913,50.64661,5.325
1319,Sierra Leone,2023,30.788,47.45831,5.503790109,50.64661,5.325
1320,Singapore,2015,9.7,84.89222,10.19090832,0,4.08
1321,Singapore,2016,9.4,85.44138,10.25761381,0,4.08
1322,Singapore,2017,8.9,85.57215,10.19034523,0,4.63
1323,Singapore,2018,8.8,85.84348,9.970696465,0,4.63
1324,Singapore,2019,8.8,86.1981,10.24898406,0,4.63
1325,Singapore,2020,8.5,86.1981,12.23476464,0,5.98
1326,Singapore,2021,8.6,86.1981,10.60417011,0,4.57
1327,Singapore,2022,7.9,86.1981,9.446424372,0,4.448
1328,Singapore,2023,7.9,86.1981,10.22672944,0,3.719
1329,Slovak Republic,2015,10.3,74.84151,18.49161594,0,10.961
1330,Slovak Republic,2016,10.6,75.03118,18.79781587,0,9.207
1331,Slovak Republic,2017,10.7,75.15124,18.83244153,0,7.572
1332,Slovak Republic,2018,10.6,75.445,18.5660493,0,5.808
1333,Slovak Republic,2019,10.5,75.58542,19.55946073,0,4.823
1334,Slovak Republic,2020,10.4,75.58542,20.75604537,0,6.323
1335,Slovak Republic,2021,10.4,75.58542,20.78261819,0,6.437
1336,Slovak Republic,2022,9.7,75.58542,20.49312441,0,5.613
1337,Slovak Republic,2023,9.7,75.58542,20.09876806,0,5.525
1338,Slovenia,2015,10,74.71274,18.99856785,0,9.905
1339,Slovenia,2016,9.9,75.41048,19.24015489,0,8.051
1340,Slovenia,2017,9.8,76.39486,18.61972082,0,6.692
1341,Slovenia,2018,9.4,76.4142,18.41303045,0,5.482
1342,Slovenia,2019,9.3,76.51751,18.46960119,0,4.644
1343,Slovenia,2020,8.9,76.51751,20.74473447,0,5.526
1344,Slovenia,2021,9,76.51751,20.85045616,0,5.405
1345,Slovenia,2022,8.3,76.51751,19.52109139,0,4.461
1346,Slovenia,2023,8.3,76.51751,19.22685657,0,3.845
1347,Solomon Islands,2015,32.928,54.71827,29.56519219,0,0
1348,Solomon Islands,2016,32.379,55.11571,29.08321477,0,0
1349,Solomon Islands,2017,31.743,54.87857,25.97991857,0,0
1350,Solomon Islands,2018,31.219,55.20356,26.83251473,0,0
1351,Solomon Islands,2019,30.762,55.26279,27.6258123,0,0
1352,Solomon Islands,2021,29.785,55.26279,26.57872786,0,0
1353,Solomon Islands,2022,29.322,55.26279,29.18861795,0,0
1354,Solomon Islands,2023,29.322,55.26279,29.18861795,0,0
1355,Somalia,2015,46.474,20.23995,5.321989044,0,0
1356,Somalia,2016,46.156,20.28589,5.907657656,0,0
1357,Somalia,2017,45.457,19.9777,6.374818741,0,0
1358,Somalia,2018,44.992,20.04146,6.284314453,0,0
1359,Somalia,2019,44.564,20.03958,6.108253916,0,14.701
1360,Somalia,2020,44.007,20.03958,6.896256004,0,14.701
1361,Somalia,2021,43.561,20.03958,7.132762929,0,14.701
1362,Somalia,2022,43.086,20.03958,7.436548634,0,14.701
1363,Somalia,2023,43.086,20.03958,7.312099561,0,14.701
1364,South Africa,2015,21.3,66.24035,18.98507133,0,25.839
1365,South Africa,2016,20.25,65.40686,19.30756165,24.56298,27.247
1366,South Africa,2017,20.643,65.32778,19.23607713,24.56298,27.84
1367,South Africa,2018,21.137,66.69548,19.35222614,24.18213,28.483
1368,South Africa,2019,21.276,67.01897,19.58008004,24.18213,29.657
1369,South Africa,2020,20.326,67.01897,20.62033987,24.2,30.202
1370,South Africa,2021,19.821,67.01897,19.17826638,24.2,35.779
1371,South Africa,2022,19.31,67.01897,18.98927028,24.2,34.626
1372,South Africa,2023,19.31,67.01897,19.3495644,24.2,34.524
1373,South Sudan,2015,36.325,32.83657,0,0,0
1374,South Sudan,2016,35.15,32.69356,0,94.2,0
1375,South Sudan,2017,32.651,31.64063,0,94.2,0
1376,South Sudan,2018,30.147,33.64187,0,94.2,0
1377,South Sudan,2019,29.058,34.62285,0,94.2,0
1378,South Sudan,2020,29.166,34.62285,0,94.2,0
1379,South Sudan,2021,29.107,34.62285,0,94.2,0
1380,South Sudan,2022,28.857,34.62285,0,94.2,0
1381,South Sudan,2023,28.857,34.62285,0,94.2,0
1382,Spain,2015,9,75.92621,19.35559538,0,21.471
1383,Spain,2016,8.8,77.63075,18.95541009,0,19.305
1384,Spain,2017,8.4,77.62772,18.54329484,0,17.292
1385,Spain,2018,7.9,77.69995,18.58446426,0,15.383
1386,Spain,2019,7.6,77.93588,18.73862376,0,14.459
1387,Spain,2020,7.2,77.93588,21.81570544,0,17.587
1388,Spain,2021,7.1,77.93588,21.00513649,0,16.02
1389,Spain,2022,6.9,77.93588,19.96412423,0,13.756
1390,Spain,2023,6.9,77.93588,19.46354727,0,13.271
1391,Sri Lanka,2015,15.886,59.18186,8.910656347,0,7.828
1392,Sri Lanka,2016,15.496,59.82373,8.170284441,0,7.058
1393,Sri Lanka,2017,15.17,59.95122,7.853227954,0,6.74
1394,Sri Lanka,2018,14.805,61.75867,8.609156897,0,6.901
1395,Sri Lanka,2019,14.534,61.80614,8.972548564,0,7.293
1396,Sri Lanka,2020,14.235,61.80614,10.39790738,0,8.427
1397,Sri Lanka,2021,14.019,61.80614,9.451464843,0,8.749
1398,Sri Lanka,2022,13.781,61.80614,7.177851062,0,7.123
1399,Sri Lanka,2023,13.781,61.80614,6.851704478,0,7.123
1400,St. Lucia,2015,12.321,63.50018,0,0,0
1401,St. Lucia,2016,12.229,63.47845,0,0,0
1402,St. Lucia,2017,12.114,63.57439,0,0,21.859
1403,St. Lucia,2018,11.986,63.62984,0,0,27.004
1404,St. Lucia,2019,11.834,63.6504,0,0,16.117
1405,St. Lucia,2020,11.667,63.6504,0,0,32.817
1406,St. Lucia,2021,11.49,63.6504,0,0,32.817
1407,St. Lucia,2022,11.316,63.6504,0,0,16.531
1408,St. Lucia,2023,11.316,63.6504,0,0,16.531
1409,St. Vincent and the Grenadines,2015,15.891,57.07066,0,0,0
1410,St. Vincent and the Grenadines,2016,15.161,56.96928,0,0,0
1411,St. Vincent and the Grenadines,2017,14.269,56.97521,0,0,0
1412,St. Vincent and the Grenadines,2018,13.708,56.98254,0,0,0
1413,St. Vincent and the Grenadines,2019,13.346,57.0869,0,0,0
1414,St. Vincent and the Grenadines,2020,13.071,57.0869,0,0,0
1415,St. Vincent and the Grenadines,2021,12.901,57.0869,0,0,0
1416,St. Vincent and the Grenadines,2022,12.726,57.0869,0,0,0
1417,St. Vincent and the Grenadines,2023,12.726,57.0869,0,0,0
1418,Sudan,2015,36.413,45.52208,6.174441364,0,0
1419,Sudan,2016,36.038,44.82494,5.588456456,73.66328,0
1420,Sudan,2017,35.669,45.00301,6.429600977,73.66328,0
1421,Sudan,2018,35.236,48.01814,6.714043305,73.7,0
1422,Sudan,2019,34.823,44.82932,6.170935498,73.7,0
1423,Sudan,2020,34.226,44.82932,14.44544107,73.7,0
1424,Sudan,2021,33.596,44.82932,10.95628375,73.7,0
1425,Sudan,2022,33.027,44.82932,17.85268199,73.7,11.608
1426,Sudan,2023,33.027,44.82932,17.42454012,73.7,11.608
1427,Suriname,2015,19.127,46.42834,0,0,0
1428,Suriname,2016,18.912,47.39893,0,14.12632,5.377
1429,Suriname,2017,18.758,47.40665,0,14.12632,5.377
1430,Suriname,2018,18.577,47.43149,0,14.96333,5.377
1431,Suriname,2019,18.409,47.46427,0,14.96333,5.377
1432,Suriname,2020,18.279,47.46427,0,15.80035,5.377
1433,Suriname,2021,18.154,47.46427,0,15.80035,5.377
1434,Suriname,2022,17.983,47.46427,0,15.80035,5.377
1435,Suriname,2023,17.983,47.46427,0,15.80035,5.377
1436,Sweden,2015,11.7,81.63208,25.89277,0,6.223
1437,Sweden,2016,11.8,82.15071,26.43903831,0,5.66
1438,Sweden,2017,11.5,82.17491,26.26195557,0,5.118
1439,Sweden,2018,11.4,82.01848,26.25521306,0,4.622
1440,Sweden,2019,11.1,81.99155,25.83599337,0,5.013
1441,Sweden,2020,10.9,81.99155,26.53116584,0,6.32
1442,Sweden,2021,11,81.99155,25.75244159,0,6.668
1443,Sweden,2022,10,81.99155,25.32396533,0,5.659
1444,Sweden,2023,10,81.99155,26.04845707,0,5.916
1445,Switzerland,2015,10.5,76.42844,11.53756702,0,4.37
1446,Switzerland,2016,10.5,76.42092,11.51496174,0,4.788
1447,Switzerland,2017,10.3,76.60784,11.5093915,0,4.6
1448,Switzerland,2018,10.3,76.61632,11.26492075,0,4.753
1449,Switzerland,2019,10,76.61864,11.35490376,0,4.416
1450,Switzerland,2020,9.9,76.61864,12.12645459,0,5.015
1451,Switzerland,2021,10.3,76.61864,11.94382258,0,5.106
1452,Switzerland,2022,9.4,76.61864,11.3731562,0,3.879
1453,Switzerland,2023,9.4,76.61864,11.37807415,0,3.75
1454,Syrian Arab Republic,2015,20.233,42.96399,16.72353037,0,0
1455,Syrian Arab Republic,2016,18.874,41.37479,16.72889424,0,0
1456,Syrian Arab Republic,2017,18.568,41.44563,16.4912084,0,0
1457,Syrian Arab Republic,2018,18.155,41.47442,15.96326334,0,0
1458,Syrian Arab Republic,2019,18.883,41.96812,15.36993423,0,0
1459,Syrian Arab Republic,2020,19.67,41.96812,10.68126554,0,0
1460,Syrian Arab Republic,2021,20.111,41.96812,6.834958527,0,0
1461,Syrian Arab Republic,2022,20.531,41.96812,2.723323585,0,0
1462,Syrian Arab Republic,2023,20.531,41.96812,2.723323585,0,0
1463,Tajikistan,2015,31.228,51.84299,11.55895311,0,0
1464,Tajikistan,2016,30.213,53.43689,11.75682557,23.88692,0
1465,Tajikistan,2017,28.932,54.34213,11.38648204,23.88692,0
1466,Tajikistan,2018,28.688,55.38718,11.22106638,19.33825,0
1467,Tajikistan,2019,28.267,61.26761,11.15449666,19.33825,0
1468,Tajikistan,2020,27.53,61.26761,11.56800459,17.06392,0
1469,Tajikistan,2021,26.749,61.26761,10.88425279,17.06392,0
1470,Tajikistan,2022,26.025,61.26761,10.13507167,17.06392,0
1471,Tajikistan,2023,26.025,61.26761,10.13507167,17.06392,0
1472,Tanzania,2015,38.741,49.69225,9.927294047,0,0
1473,Tanzania,2016,38.379,53.86676,9.066506338,47.26693,0
1474,Tanzania,2017,38.058,53.98306,8.503431674,47.26693,0
1475,Tanzania,2018,37.525,54.28952,8.112586425,43.0093,0
1476,Tanzania,2019,37.113,54.46329,7.782412279,43.0093,0
1477,Tanzania,2020,36.651,54.46329,7.699584239,40.88048,0.278
1478,Tanzania,2021,36.21,54.46329,8.005081985,40.88048,0.278
1479,Tanzania,2022,35.811,54.46329,8.301752181,40.88048,0.278
1480,Tanzania,2023,35.811,54.46329,8.759629985,40.88048,0.278
1481,Thailand,2015,10.607,71.94455,17.12115127,0,0.878
1482,Thailand,2016,10.26,72.79843,16.86518276,8.86794,0.948
1483,Thailand,2017,9.98,78.45338,16.29840379,8.86794,1.227
1484,Thailand,2018,9.662,79.51709,16.17396643,7.83138,1.093
1485,Thailand,2019,9.377,80.09233,16.16935204,7.83138,0.998
1486,Thailand,2020,9.182,80.09233,17.79488741,6.79482,1.387
1487,Thailand,2021,8.999,80.09233,18.23131645,6.79482,1.503
1488,Thailand,2022,8.806,80.09233,17.72257591,6.79482,1.153
1489,Thailand,2023,8.806,80.09233,16.644597,6.79482,0.816
1490,Timor-Leste,2016,27.018,38.17997,55.60806981,37.9,7.01
1491,Timor-Leste,2021,24.944,39.36487,28.1955062,33.9,2.426
1492,Timor-Leste,2023,24.611,39.36487,52.9169651,33.9,3.091
1493,Togo,2015,34.392,46.92875,13.01343869,0,1.878
1494,Togo,2016,34.099,48.10323,15.48080638,43.32551,1.878
1495,Togo,2017,33.656,48.7524,13.97880773,43.32551,14.275
1496,Togo,2018,33.186,55.26888,13.20254072,40.08219,14.275
1497,Togo,2019,32.756,62.28934,13.24546631,40.08219,6.129
1498,Togo,2020,32.302,62.28934,13.22573072,38.5,6.129
1499,Togo,2021,31.856,62.28934,12.75823979,38.5,6.129
1500,Togo,2022,31.48,62.28934,12.92694558,38.5,5.587
1501,Togo,2023,31.48,62.28934,12.58113863,38.5,5.587
1502,Tonga,2015,25.171,61.32947,21.29255503,0,0
1503,Tonga,2018,23.625,61.65064,19.18356797,0,2.169
1504,Tonga,2019,23.424,61.38921,21.06833607,0,2.169
1505,Tonga,2021,23.045,61.38921,28.58885449,0,2.121
1506,Tonga,2022,22.894,61.38921,29.95795933,0,2.121
1507,Tonga,2023,22.894,61.38921,29.95795933,0,2.121
1508,Trinidad and Tobago,2015,13.604,61.41725,0,0,2.492
1509,Trinidad and Tobago,2016,13.292,61.34535,0,7.5,3.2
1510,Trinidad and Tobago,2017,12.909,61.15191,0,7.5,3.2
1511,Trinidad and Tobago,2018,12.557,61.03242,0,7.5,3.2
1512,Trinidad and Tobago,2019,12.359,61.29128,0,7.5,2.929
1513,Trinidad and Tobago,2020,11.946,61.29128,0,7.5,3.145
1514,Trinidad and Tobago,2021,11.687,61.29128,0,7.5,4.034
1515,Trinidad and Tobago,2022,11.382,61.29128,0,7.5,4.448
1516,Trinidad and Tobago,2023,11.382,61.29128,0,7.5,3.577
1517,Tunisia,2015,19.119,64.56559,17.9055747,0,16.326
1518,Tunisia,2016,18.78,65.54085,18.71925732,8.64346,16.536
1519,Tunisia,2017,18.399,65.29842,19.12431442,8.64346,15.625
1520,Tunisia,2018,17.737,67.22278,18.38820026,8.14324,15.625
1521,Tunisia,2019,17.215,68.65706,18.8168917,8.14324,18.443
1522,Tunisia,2020,16.628,68.65706,21.63560306,7.64301,18.443
1523,Tunisia,2021,16.093,68.65706,20.92261309,7.64301,18.443
1524,Tunisia,2022,15.6,68.65706,20.60459904,7.64301,13.325
1525,Tunisia,2023,15.6,68.65706,19.74510634,7.64301,12.566
1526,Turkiye,2015,17.939,69.14468,13.80517246,0,11.292
1527,Turkiye,2016,17.739,69.37882,14.73321297,14.12611,12.445
1528,Turkiye,2017,17.368,70.9145,14.38025542,14.12611,12.461
1529,Turkiye,2018,16.481,75.25248,14.50889193,14.12611,12.145
1530,Turkiye,2019,15.594,76.79104,15.27094868,14.12611,15.628
1531,Turkiye,2020,15.033,76.79104,14.99351188,14.12611,14.959
1532,Turkiye,2021,14.678,76.79104,12.94541377,14.12611,13.486
1533,Turkiye,2022,14.468,76.79104,11.65321283,14.12611,12.083
1534,Turkiye,2023,14.468,76.79104,13.09785512,14.12611,11.253
1535,Turkmenistan,2015,26.071,0,8.46455279,0,0
1536,Turkmenistan,2016,25.424,0,8.596841847,9.00675,0
1537,Turkmenistan,2017,24.648,0,9.370056199,9.00675,0
1538,Turkmenistan,2018,23.845,0,10.0238998,8.75663,0
1539,Turkmenistan,2019,23.055,0,9.702176041,8.75663,0
1540,Turkmenistan,2020,22.294,0,10.02039124,8.5065,0
1541,Turkmenistan,2021,21.592,0,10.16706089,8.5065,0
1542,Turkmenistan,2022,20.755,0,9.409792541,8.5065,0
1543,Turkmenistan,2023,20.755,0,9.409792541,8.5065,0
1544,Tuvalu,2021,23.484,0,0,0,27.283
1545,Uganda,2015,39.422,56.6304,8.95453399,0,0
1546,Uganda,2016,38.709,57.28983,7.351946844,59.38995,0
1547,Uganda,2017,38.343,57.87464,8.00943503,59.38995,4.834
1548,Uganda,2018,38.062,58.38634,8.63607273,56.70105,4.834
1549,Uganda,2019,37.667,59.9818,8.774561312,56.70105,6.304
1550,Uganda,2020,37.252,59.9818,9.511414465,54.01214,6.304
1551,Uganda,2021,36.795,59.9818,9.931596127,54.01214,5.54
1552,Uganda,2022,36.215,59.9818,9.787266804,54.01214,5.54
1553,Uganda,2023,36.215,59.9818,9.566160588,54.01214,5.54
1554,Ukraine,2015,10.7,64.18277,18.92414752,0,10.05
1555,Ukraine,2016,10.3,65.41773,18.60204321,1.1,10.74
1556,Ukraine,2017,9.4,68.08579,20.68346355,1.1,17.86
1557,Ukraine,2018,8.7,69.07387,20.77174914,1.1,9.868
1558,Ukraine,2019,8.1,70.2106,18.78053343,1.1,9.164
1559,Ukraine,2020,7.8,70.2106,19.29509671,1.1,10.729
1560,Ukraine,2021,7.3,70.2106,17.74217191,1.1,10.143
1561,Ukraine,2022,7.659,70.2106,39.83635401,1.1,10.143
1562,Ukraine,2023,7.659,70.2106,41.68400041,1.1,10.143
1563,United Arab Emirates,2015,11.478,76.28546,12.0210761,0,0
1564,United Arab Emirates,2016,10.993,77.43435,12.11229326,0,0
1565,United Arab Emirates,2017,10.62,79.30036,13.04577655,0,3.969
1566,United Arab Emirates,2018,10.049,81.58883,12.50998145,0,3.394
1567,United Arab Emirates,2019,9.75,80.75261,13.08752958,0,3.394
1568,United Arab Emirates,2020,10.62,80.75261,15.17956454,0,3.394
1569,United Arab Emirates,2021,10.307,80.75261,14.61089352,0,5.471
1570,United Arab Emirates,2022,9.888,80.75261,12.64752077,0,1.025
1571,United Arab Emirates,2023,9.888,80.75261,12.41920153,0,2.786
1572,United Kingdom,2015,11.9,83.33719,19.54853007,0,5.709
1573,United Kingdom,2016,11.8,83.34108,19.21828438,0,5.082
1574,United Kingdom,2017,11.4,83.21535,18.65932094,0,4.529
1575,United Kingdom,2018,11,83.55123,18.54129342,0,4.176
1576,United Kingdom,2019,10.7,83.54968,19.09610949,0,3.704
1577,United Kingdom,2020,10.1,83.54968,22.61094203,0,4.607
1578,United Kingdom,2021,10.1,83.54968,22.25938567,0,5.015
1579,United Kingdom,2022,10,83.54968,20.82750824,0,4.48
1580,United Kingdom,2023,10,83.54968,20.48051694,0,4.836
1581,United States,2015,12.4,83.59247,14.23331673,0,7.087
1582,United States,2016,12.2,83.58991,14.11000412,0,6.471
1583,United States,2017,11.8,83.59008,13.84713377,0,5.766
1584,United States,2018,11.6,83.57395,13.84421264,0,5.172
1585,United States,2019,11.4,83.99668,13.98355857,0,4.84
1586,United States,2020,10.9,83.99668,14.89574487,0,10.457
1587,United States,2021,11,83.99668,14.2530325,0,7.076
1588,United States,2022,11,83.99668,13.71379503,0,4.96
1589,United States,2023,11,83.99668,13.43383389,0,4.888
1590,Uruguay,2015,14.216,60.1749,13.83581,0,5.42
1591,Uruguay,2016,13.64,60.68692,13.83581,0,5.216
1592,Uruguay,2017,12.579,61.031,13.83581,0,5.79
1593,Uruguay,2018,11.605,61.36826,13.83581,0,6.175
1594,Uruguay,2019,10.822,61.53994,13.83581,0,6.275
1595,Uruguay,2020,10.339,61.53994,13.83581,0,6.275
1596,Uruguay,2021,10.473,61.53994,13.83581,0,6.275
1597,Uruguay,2022,10.419,61.53994,13.83581,0,7.499
1598,Uruguay,2023,10.419,61.53994,13.83581,0,8.53
1599,Uzbekistan,2015,23.5,61.6759,13.61688216,0,0
1600,Uzbekistan,2016,22.8,62.09399,14.13997058,0,0
1601,Uzbekistan,2017,22.1,66.61398,11.29740601,0,0
1602,Uzbekistan,2018,23.3,67.75199,12.10117108,0,0
1603,Uzbekistan,2019,24.3,69.87898,14.46938731,0,0
1604,Uzbekistan,2020,24.6,69.87898,14.64228183,0,6.222
1605,Uzbekistan,2021,25.9,69.87898,14.92596407,0,6.222
1606,Uzbekistan,2022,26.2,69.87898,14.97743374,0,6.222
1607,Uzbekistan,2023,26.2,69.87898,14.44365184,0,6.222
1608,Vanuatu,2023,28.968,61.05191,20.57422057,0,5.027
1609,"Venezuela, RB",2015,19.201,34.12824,0,0,0
1610,"Venezuela, RB",2016,18.898,31.12013,0,0,5.595
1611,"Venezuela, RB",2017,18.502,30.03484,0,0,5.744
1612,"Venezuela, RB",2018,17.832,32.14349,0,0,5.744
1613,"Venezuela, RB",2019,16.888,30.23634,0,0,5.744
1614,"Venezuela, RB",2020,16.213,30.23634,0,0,5.744
1615,"Venezuela, RB",2021,15.877,30.23634,0,0,5.744
1616,"Venezuela, RB",2022,15.573,30.23634,0,0,5.744
1617,"Venezuela, RB",2023,15.573,30.23634,0,0,5.744
1618,Viet Nam,2015,16.787,62.60371,10.65491271,0,2.618
1619,Viet Nam,2016,16.438,65.28861,10.39837667,5.76598,2.659
1620,Viet Nam,2017,16.1,66.9796,10.13492728,5.76598,2.78
1621,Viet Nam,2018,15.873,68.56869,9.745889133,5.76598,1.758
1622,Viet Nam,2019,15.663,69.76594,9.578836368,5.76598,2.301
1623,Viet Nam,2020,15.4,69.76594,9.478813283,5.76598,2.461
1624,Viet Nam,2021,15.008,69.76594,9.585085546,5.76598,2.824
1625,Viet Nam,2022,14.689,69.76594,8.934138284,5.76598,1.788
1626,Viet Nam,2023,14.689,69.76594,8.852103341,5.76598,1.924
1627,West Bank and Gaza,2015,32.726,54.17414,25.01001975,0,20.949
1628,West Bank and Gaza,2016,31.921,55.48372,23.53265738,19.53763,22.162
1629,West Bank and Gaza,2017,30.973,59.27638,20.75086806,19.53763,24.754
1630,West Bank and Gaza,2018,30.126,59.66608,21.99107922,19.5,24.797
1631,West Bank and Gaza,2019,29.466,59.97873,20.66011031,19.5,25.414
1632,West Bank and Gaza,2020,28.8,59.97873,23.43336531,19.5,25.087
1633,West Bank and Gaza,2021,28.236,59.97873,23.79921586,19.5,26.56
1634,West Bank and Gaza,2022,27.69,59.97873,20.48994287,19.5,24.009
1635,West Bank and Gaza,2023,27.69,59.97873,20.27576231,19.5,24.009
1636,"Yemen, Rep.",2015,33.933,38.4318,10.79549839,0,0
1637,"Yemen, Rep.",2016,33.348,31.20833,8.79580013,44.2,0
1638,"Yemen, Rep.",2017,32.713,31.26677,6.106126962,44.2,0
1639,"Yemen, Rep.",2018,32.305,30.67289,9.144462688,44.2,0
1640,"Yemen, Rep.",2019,31.778,31.76299,9.144462688,44.2,0
1641,"Yemen, Rep.",2020,31.252,31.76299,9.144462688,44.2,0
1642,"Yemen, Rep.",2021,30.544,31.76299,9.144462688,44.2,0
1643,"Yemen, Rep.",2022,29.919,31.76299,9.144462688,44.2,0
1644,"Yemen, Rep.",2023,29.919,31.76299,9.144462688,44.2,0
1645,Zambia,2015,37.832,60.45046,14.78060738,0,4.744
1646,Zambia,2016,37.242,60.25434,16.0718742,51.36341,4.744
1647,Zambia,2017,36.601,64.23311,13.72079524,51.36341,9.659
1648,Zambia,2018,36.04,65.7117,12.70865194,49.81077,11.74
1649,Zambia,2019,35.462,66.93648,17.68425638,49.81077,10.359
1650,Zambia,2020,34.953,66.93648,14.68964171,48.25813,11.057
1651,Zambia,2021,34.511,66.93648,11.5310478,48.25813,9.502
1652,Zambia,2022,34.127,66.93648,14.45282902,48.25813,11.044
1653,Zambia,2023,34.127,66.93648,13.31278271,48.25813,11.342
1654,Zimbabwe,2015,33.96,47.80355,18.87751257,0,0
1655,Zimbabwe,2016,33.171,47.79435,18.12393762,22.75892,0
1656,Zimbabwe,2017,32.516,48.58986,7.454272348,22.75892,0
1657,Zimbabwe,2018,32.074,50.50998,10.37430634,22.16356,0
1658,Zimbabwe,2019,31.518,54.46935,7.339160848,22.16356,9.125
1659,Zimbabwe,2020,31.009,54.46935,8.867854392,21.56821,9.125
1660,Zimbabwe,2021,30.537,54.46935,14.91590377,21.56821,11.589
1661,Zimbabwe,2022,30.086,54.46935,16.64619081,21.56821,12.427
1662,Zimbabwe,2023,30.086,54.46935,15.08923343,21.56821,11.282
